ASIN,寸法_長さ(cm),寸法_幅(cm),寸法_高さ(cm),体積(cm3),実重量(g),容積重量(g),請求重量(g),US送料(円),CA送料(円),ステータス
B09V218NSD,24.6,10,6.8,1676.7,299,335.3,335.3,3639,3639,成功
B002A5S3ZM,37.4,19.5,17.7,12908.6,2565,2581.7,2581.7,5944,5944,成功
B07MTH698R,17.9,7.4,7.4,980.2,280,196,280,3639,3639,成功
B07MTH698R,17.9,7.4,7.4,980.2,280,196,280,3639,3639,成功
B002A5S3ZM,37.4,19.5,17.7,12908.6,2565,2581.7,2581.7,5944,5944,成功
B0816M5HKP,34.1,24.7,22.8,19203.8,1520,3840.8,3840.8,6809,6809,成功
B075HB4XTT,18,7.4,7.4,985.7,280,197.1,280,3639,3639,成功
B0816M5HKP,34.1,24.7,22.8,19203.8,1520,3840.8,3840.8,6809,6809,成功
B0BSTN8L7Z,30.2,29.6,24.3,21723.1,2200,4344.6,4344.6,7589,7589,成功
B00B5NLBA4,7.6,2.5,1,19.7,4.5,3.9,4.5,3639,3639,成功
B07NGSS7KF,15.1,14.6,1.9,418.9,110,83.8,110,3639,3639,成功
B0CKHMXDBQ,13.7,10.7,7.2,1055.4,270,211.1,270,3639,3639,成功
B002P8JAO2,54.2,54.2,24.4,71678.4,3400,14335.7,14335.7,20446,20446,成功
B0BSTN8L7Z,30.2,29.6,24.3,21723.1,2200,4344.6,4344.6,7589,7589,成功
B00AQLJIJM,14.1,12.6,1.4,243.8,80.3,48.8,80.3,3639,3639,成功
B07KS26Z67,24.6,10,6.1,1501.5,358,300.3,358,3639,3639,成功
B0CLL63WSY,24.6,10.1,6.6,1639.8,300,328,328,3639,3639,成功
B0CLL5NXDZ,24.5,10.1,6.8,1682.7,300,336.5,336.5,3639,3639,成功
B00HPRZ6VY,45,35,8.8,13860,2050,2772,2772,5944,5944,成功
B001EM180O,104.9,45.5,9.4,44865.7,4780,8973.1,8973.1,11849,11849,成功
B0CKHMXDBQ,13.7,10.7,7.2,1055.4,270,211.1,270,3639,3639,成功
B015UBO5NG,18,13.8,1.5,367.2,83.2,73.4,83.2,3639,3639,成功
B007POK7ZW,15.2,12.7,6.1,1177.5,500,235.5,500,3639,3639,成功
B0FFGL6LFL,26.1,20.5,1.8,963.1,520,192.6,520,4088,4088,成功
B0BSTNMF2Z,13.5,13.2,9.6,1710.7,400,342.1,400,3639,3639,成功
B0BSTNMF2Z,13.5,13.2,9.6,1710.7,400,342.1,400,3639,3639,成功
B0BSTN8L7Z,30.2,29.6,24.3,21723.1,2200,4344.6,4344.6,7589,7589,成功
B016LRXUDE,26.7,13.5,8.8,3172,110,634.4,634.4,4088,4088,成功
B097CPW7J6,117,8.5,5.7,5668.6,740,1133.7,1133.7,4285,4285,成功
B0FSRCYCSG,24,19.4,2.9,1350.2,600,270,600,4088,4088,成功
B07QPRYPSC,15.7,10.2,7.6,1219.2,159,243.8,243.8,3639,3639,成功
B01HO40U0O,81,41,33,109593,8140,21918.6,21918.6,20873,20873,成功
B0FLXNXF73,27.9,16.2,3.2,1446.3,640,289.3,640,4088,4088,成功
B07C21N477,74,33,13,31746,1200,6349.2,6349.2,10228,10228,成功
B000026WP2,14.1,12.6,1.4,243.8,80.3,48.8,80.3,3639,3639,成功
B07BVLP6RB,35.2,27,24.8,23569.9,6520,4714,6520,10512,10512,成功
B075LN813Z,17.8,7.6,7.2,974,280,194.8,280,3639,3639,成功
B075LN813Z,17.8,7.6,7.2,974,280,194.8,280,3639,3639,成功
