item_id,sku,title,start_time,end_time,price,watch_count,fetched_at
227090947103,S-158,LOUIS VUITTON Near Mint Mahina Portefeuille Sarah Long Wallet Black Leather,2025-11-20T08:41:27.000Z,,449.39,0,2026-04-20 13:20:36
227090957096,S-166,Louis Vuitton Portefeuille Celeste Monogram Trifold Wallet Excellent Condition,2025-11-20T08:47:22.000Z,,431.39,0,2026-04-20 13:20:36
227090959975,S-202,Louis Vuitton Monogram Empreinte Portefeuille Claire Wallet Excellent Condition,2025-11-20T08:49:20.000Z,,547.71,0,2026-04-20 13:20:36
227090959976,S-205,Louis Vuitton Monogram Shadow Zippy Wallet Vertical Excellent Condition,2025-11-20T08:49:20.000Z,,228.1,0,2026-04-20 13:20:36
227090959977,S-206,Louis Vuitton Monogram Portemonnaie Rosalie Wallet Near Mint Condition,2025-11-20T08:49:20.000Z,,332.04,1,2026-04-20 13:20:36
227090959978,S-217,Louis Vuitton Monogram Zippy Wallet Retiro Long Wallet Excellent Condition,2025-11-20T08:49:20.000Z,,375.97,4,2026-04-20 13:20:36
227090959979,S-222,Louis Vuitton Monogram Portefeuille Zoe Turtledove Wallet Excellent Condition,2025-11-20T08:49:20.000Z,,302.56,1,2026-04-20 13:20:36
227090962801,S-231,Louis Vuitton Monogram Retiro Zippy Wallet Long Wallet Very Good Condition,2025-11-20T08:52:08.000Z,,335.6,0,2026-04-20 13:20:36
227090962805,S-263,Louis Vuitton Monogram Empreinte Portefeuille Clea Bifold Wallet Navy Blue Mint,2025-11-20T08:52:08.000Z,,596.22,0,2026-04-20 13:20:36
227090962810,S-278,Louis Vuitton Taiga Zippy Vertical Long Wallet Unisex - Excellent Condition,2025-11-20T08:52:08.000Z,,174.08,0,2026-04-20 13:20:36
227090962812,S-241,Louis Vuitton Taurillon Portefeuille My Lockme Long Wallet Black Excellent,2025-11-20T08:52:08.000Z,,449.39,0,2026-04-20 13:20:36
227090962818,S-289,"Louis Vuitton Monogram Ampriente Vertical Long Wallet  Women's Purse, Pre-owned",2025-11-20T08:52:08.000Z,,400.44,0,2026-04-20 13:20:36
227090962822,S-327,"Louis Vuitton Monogram Multicles 6 Key Case Brown, Women's Pre-owned Excellent",2025-11-20T08:52:08.000Z,,101.33,0,2026-04-20 13:20:36
227090962823,S-328,"Louis Vuitton Monogram Multicles 6 Key Case Brown, Women's Pre-owned Excellent",2025-11-20T08:52:08.000Z,,108.23,0,2026-04-20 13:20:36
227090962827,S-225,Louis Vuitton Monogram Empreinte Portefeuille Claire Wallet Very Good Condition,2025-11-20T08:52:08.000Z,,513.68,0,2026-04-20 13:20:36
227090993039,M-231,Hermes Carre H 65 GRRRRR! Scarf Cashmere Silk Alice Shirley 2025 SS Unused,2025-11-20T09:03:07.000Z,,834.26,4,2026-04-20 13:20:36
227090993046,M-242,HERMES Carre 80 Board a Board Cotton Scarf White Blue Multicolor 2025 SS,2025-11-20T09:03:08.000Z,,756.4,0,2026-04-20 13:20:36
227265028578,m28395107581,Beautiful HERMES Carre 90 Volt Epurette Silk Scarf,2026-03-20T08:48:29.000Z,,982.08,0,2026-04-20 13:20:36
227265031165,m39965896500,Celine Fragment Case Logo Wallet Coin Card Business Card Holder,2026-03-20T08:54:49.000Z,,525.0,0,2026-04-20 13:20:36
227091102681,M-245,LOUIS VUITTON Damier Portemonnaie Billets Cartes Credit Wallet Brown SP0957,2025-11-20T10:08:00.000Z,,367.07,0,2026-04-20 13:20:36
227091102682,M-243,LOUIS VUITTON Monogram Zippy Wallet Long Purse M42616 GI1127 Authentic Women’s,2025-11-20T10:08:00.000Z,,310.12,0,2026-04-20 13:20:36
227091102685,M-239,LOUIS VUITTON Monogram Empreinte Secret Long Wallet Navy Leather Purse M93435,2025-11-20T10:08:00.000Z,,389.1,0,2026-04-20 13:20:36
227091102687,M-241,LOUIS VUITTON Mahina Zippy Wallet Long Purse White Leather M69821 A Rank,2025-11-20T10:08:00.000Z,,384.87,0,2026-04-20 13:20:36
227091102689,M-225,LOUIS VUITTON Monogram Vernis Zippy Coin Purse Wallet M93608 with Box & Dustbag,2025-11-20T10:08:00.000Z,,537.26,1,2026-04-20 13:20:36
227091102691,M-223,LOUIS VUITTON Clemence Wallet Monogram Empreinte Navy Red M63920 Long Purse,2025-11-20T10:08:00.000Z,,328.14,7,2026-04-20 13:20:36
227265251228,2JMTMDMLkzBYPfTAReBfuQ,CHANEL 22P 2022 Spring/Summer Twilly Scarf Hairband Coco Mark Icon Black Silk,2026-03-20T12:06:27.000Z,,579.99,0,2026-04-20 13:20:36
227103438272,5-009,"Meta Mate Tie Clip & Cufflinks Set – Silver & Blue, Elegant Design, With Box",2025-11-26T03:47:28.000Z,,52.44,1,2026-04-20 13:20:36
227103445537,6-007,"Swarovski Circle Pendant – Luxury Sparkling Stone, Elegant Design, Brand New",2025-11-26T03:56:13.000Z,,74.82,0,2026-04-20 13:20:36
227103457051,6-015,"0.1ct Diamond Stud Earrings – Simple & Elegant, Brand New, Pair",2025-11-26T04:07:40.000Z,,140.28,0,2026-04-20 13:20:36
227103463633,6-016,"0.2ct Diamond Stud Earrings – Elegant & Minimalist, Pair",2025-11-26T04:18:55.000Z,,175.36,0,2026-04-20 13:20:36
227103479267,7-001,"Christian Dior Canvas Makeup Pouch – Beige, Large Size, Travel Cosmetic Bag",2025-11-26T04:47:52.000Z,,83.39,1,2026-04-20 13:20:36
227103497657,8-011,"18K Gold Rose Quartz Drop Earrings – Natural Gemstone, Elegant Jewelry, Brand Ne",2025-11-26T05:11:19.000Z,,119.66,0,2026-04-20 13:20:36
227103528768,8-013,"Double-Strand Apatite Necklace – Natural Blue Gemstones, 925 Sterling Silver, Br",2025-11-26T05:36:06.000Z,,102.2,0,2026-04-20 13:20:36
227103544050,9-001,"COACH Women’s Tote Bag Blue Green – Magnetic Closure, Triple-Compartment, Should",2025-11-26T05:58:32.000Z,,147.86,1,2026-04-20 13:20:36
227103552555,9-002,Michael Kors Women’s Backpack White Camel Large A4 Storage Multi Pocket Used,2025-11-26T06:07:51.000Z,,129.06,0,2026-04-20 13:20:36
227103564922,9-003,FURLA Women’s Shoulder Tote Bag Black Large A4 Capacity Business Casual Used,2025-11-26T06:25:36.000Z,,79.36,0,2026-04-20 13:20:36
227103581222,9-005,Michael Kors Women Handbag Yellow 3Way Clutch Shoulder Crossbody Used,2025-11-26T06:48:58.000Z,,173.38,0,2026-04-20 13:20:36
227103588811,9-016,Kate Spade KA069 Pink White Heart Pattern Bifold Wallet with Box – Excelle,2025-11-26T06:59:49.000Z,,129.06,1,2026-04-20 13:20:36
227103600628,9-006,COLE HAAN Violet Women’s 2-Way Handbag Shoulder Bag Small Size with Strap & Dust,2025-11-26T07:09:25.000Z,,90.11,1,2026-04-20 13:20:36
227103610878,9-007,Kate Spade White Women’s 2-Way Handbag Shoulder Bag Small Size with Strap,2025-11-26T07:22:01.000Z,,110.26,0,2026-04-20 13:20:36
227103622249,9-008,K10 Gold Necklace 0.05ct Diamond Solitaire Pendant 40cm Minimalist Fine Jewelry,2025-11-26T07:34:33.000Z,,149.21,1,2026-04-20 13:20:36
227104850710,9-010,Garnet Earrings with Certificate K14WG ~0.5cm New Unused,2025-11-27T02:58:04.000Z,,182.96,0,2026-04-20 13:20:36
227104865919,9-012,Blue Chalcedony Pendant Necklace Silver 925 Double & Single Chain New Unused,2025-11-27T03:13:37.000Z,,96.82,0,2026-04-20 13:20:36
227104881846,9-013,PINKY&DIANNE Diamond Heart Necklace K10 White Gold 40cm New Unused,2025-11-27T03:32:43.000Z,,166.67,0,2026-04-20 13:20:36
227104891517,9-017,Garnet Square Cut Earrings K14 White Gold ~1cm January Birthstone New Unused,2025-11-27T03:44:05.000Z,,158.61,1,2026-04-20 13:20:36
227104895495,9-018,K10 White Gold Necklace Diamond & Color Stone Pendant 40cm New Unused,2025-11-27T03:49:04.000Z,,303.67,1,2026-04-20 13:20:36
227104899242,9-020,K14 White Gold Earrings High-Clarity White Gemstone ~5mm New Unused,2025-11-27T03:52:58.000Z,,169.35,0,2026-04-20 13:20:36
227104901798,S-021,K18 Yellow Gold Akoya Pearl Earrings 4mm Elegant Drop Style w/ Case New,2025-11-27T03:55:44.000Z,,169.35,0,2026-04-20 13:20:36
227104921430,S-410,LOUIS VUITTON Monogram Porte-Feuille International Long Wallet M61217 A Rank,2025-11-27T04:13:51.000Z,,151.6,1,2026-04-20 13:20:36
227283268824,m56012343426,LV × TM Card Case Porte Carte-Cris Cross M14091,2026-04-02T05:54:47.000Z,,769.99,0,2026-04-20 13:20:36
227283269056,m17354805291,Louis Vuitton Chain Wallet - Size N/A - Material N/A - Color N/A - Used -,2026-04-02T05:55:38.000Z,,529.99,0,2026-04-20 13:20:36
227283269182,m24514421850,Louis Vuitton Organizer Do Posh M28044 7.5cm Monogram Canvas Blueberry New,2026-04-02T05:56:05.000Z,,889.99,0,2026-04-20 13:20:36
227283269364,m65462692559,Louis Vuitton Card Case Brown/Red Leather Monogram 4 Card Pockets Excellent,2026-04-02T05:56:42.000Z,,529.99,0,2026-04-20 13:20:36
227283269427,m96109718721,Louis Vuitton Vernis Card Case Zipper Orange Leather Good Condition,2026-04-02T05:56:56.000Z,,439.99,0,2026-04-20 13:20:36
227283269527,m17094546813,Louis Vuitton Monogram Eclipse Coin Card Holder M81930,2026-04-02T05:57:18.000Z,,569.99,0,2026-04-20 13:20:36
227283269643,2JL6WbWc3BWtdm9wjr7SSy,Louis Vuitton Card Case M26655 Monogram Canvas Silver Good Condition + Dust Bag,2026-04-02T05:57:45.000Z,,629.99,0,2026-04-20 13:20:36
227283269819,2JL6WbWmDY3MFb2KrxHjA7,Louis Vuitton Card Case M15333 Monogram Snowy Pearl Vivienne Excellent,2026-04-02T05:58:10.000Z,,889.99,0,2026-04-20 13:20:36
227283270026,2JL6WbZMwaN4ZhumcA9E3f,Louis Vuitton Monogram Card Case 6.5cm Canvas Multi Snowy Pearl Vivienne New,2026-04-02T05:58:36.000Z,,829.99,0,2026-04-20 13:20:36
227283270240,2JLmD5sPD8GJuTZegXuC82,Louis Vuitton Passport Case Monogram Canvas Brown M60181 SA Condition,2026-04-02T05:59:07.000Z,,529.99,4,2026-04-20 13:20:36
227283270693,2JMYQAq3oZTJfZ4jUvbmWR,Louis Vuitton Monogram Card Case M15332 Frozen Orchid New with Box,2026-04-02T05:59:48.000Z,,689.99,0,2026-04-20 13:20:36
227283270997,58YzQUkvHrLu4HFtaWQaGW,Louis Vuitton Monogram Card Case M14550 Leather Noir Coin Pass Pouch Used,2026-04-02T06:00:18.000Z,,809.99,0,2026-04-20 13:20:36
227283271282,oJTQQM4ejNdQmiTTaiRVLo,Louis Vuitton Monogram Compact Wallet M83476 Brown Canvas Excellent + Dust Bag,2026-04-02T06:00:46.000Z,,829.99,0,2026-04-20 13:20:36
227283271403,m21755385479,Louis Vuitton Ladies Key Holder Key Ring Charm Vuitton,2026-04-02T06:01:07.000Z,,419.99,0,2026-04-20 13:20:36
227283271735,m61320926182,Louis Vuitton Monogram Eclipse Mini Key Pouch Black SSS Condition No Accessories,2026-04-02T06:01:46.000Z,,869.99,0,2026-04-20 13:20:36
227283272421,2JMbM9AhBMSKKfGmnRtyJ4,Louis Vuitton Pochette Clé M62650 Key Case Brown Unisex Used No Accessories,2026-04-02T06:02:33.000Z,,529.99,0,2026-04-20 13:20:36
227283273105,2JPEYfPg6ujVaRECnZkXt2,LOUIS VUITTON Porte-Cles LV Capucines Bag Charm M63080,2026-04-02T06:03:05.000Z,,529.99,0,2026-04-20 13:20:36
227283273963,m12098977191,Louis Vuitton Stole - Brand New Authentic LOUIS VUITTON Shawl,2026-04-02T06:03:57.000Z,,619.99,0,2026-04-20 13:20:36
227283274366,m12174325390,Louis Vuitton Stole NIGO Collaboration,2026-04-02T06:04:13.000Z,,729.99,0,2026-04-20 13:20:36
227283275503,m13445812713,LOUIS VUITTON Flower Pattern Stole,2026-04-02T06:04:52.000Z,,539.99,0,2026-04-20 13:20:36
227283277009,m17576846323,Louis Vuitton Portomonee Rosary Misty Lilac,2026-04-02T06:05:52.000Z,,619.99,0,2026-04-20 13:20:36
227283277934,m20275342527,Louis Vuitton Bandou BB Scarf 100% Silk Multicolor Flower Accessories New,2026-04-02T06:07:09.000Z,,459.99,0,2026-04-20 13:20:36
227283278054,m20809895850,Louis Vuitton LV × TM Cover Takashi Murakami Passport Case Multicolor,2026-04-02T06:07:23.000Z,,829.99,0,2026-04-20 13:20:36
227283278195,m23354573365,Louis Vuitton Bandou BB Scarf 90cm Silk White Orange Black Balloon New Boxed,2026-04-02T06:07:38.000Z,,429.99,0,2026-04-20 13:20:36
227283278293,m24974051701,Louis Vuitton Portefeuille Flora Fragment Case Pink Leather Excellent with Box,2026-04-02T06:07:52.000Z,,539.99,0,2026-04-20 13:20:36
227283278825,m38060799623,Louis Vuitton Coin Case Mini Wallet Small Item Holder,2026-04-02T06:08:41.000Z,,529.99,0,2026-04-20 13:20:36
227283279506,m45467245127,Louis Vuitton Coin Case Porte-Monnaie Learning Monogram Mini,2026-04-02T06:09:26.000Z,,379.99,0,2026-04-20 13:20:36
227283281642,m48398428083,Louis Vuitton Scarf 90x90 Silk Pink Blue Excellent Condition No Accessories,2026-04-02T06:10:20.000Z,,649.99,0,2026-04-20 13:20:36
227283282296,m48535233029,Louis Vuitton Monogram Scarf Silk 70x70cm Brown Good Condition No Tags,2026-04-02T06:10:33.000Z,,409.99,0,2026-04-20 13:20:36
227283282538,m51278715656,Louis Vuitton Epi Green Fragment Case Leather Simple Stylish Excellent,2026-04-02T06:10:49.000Z,,529.99,0,2026-04-20 13:20:36
227283283072,m52237088185,Louis Vuitton Monogram Empreinte Wallet Size 9.5x7.5cm Black Condition A+,2026-04-02T06:11:13.000Z,,759.99,0,2026-04-20 13:20:36
227283283266,m53055568321,Louis Vuitton William Wilson 86cm Silk Scarf Yellow Vintage Art Piece,2026-04-02T06:11:29.000Z,,469.99,0,2026-04-20 13:20:36
227283283536,m58761959993,Louis Vuitton Bandou 120cm Silk Monogram Noir New with Box,2026-04-02T06:12:00.000Z,,419.99,0,2026-04-20 13:20:36
227283284652,m63021068061,Louis Vuitton Bandeau BB Painted Dot 120x5cm Silk White Pumpkin New,2026-04-02T06:13:19.000Z,,559.99,0,2026-04-20 13:20:36
227283285263,m63905396945,Louis Vuitton Bandana Scarf M76101 120cm Silk Pink Multi Good Condition,2026-04-02T06:14:04.000Z,,829.99,0,2026-04-20 13:20:36
227283285698,m64498550236,Louis Vuitton Mylockme Wallet Black Leather Used Logo Plate Elegant Design,2026-04-02T06:14:40.000Z,,529.99,0,2026-04-20 13:20:36
227283286058,m67535799999,Louis Vuitton Mahina Port Cart Recto Verso 13x9cm Tropical Coral Used,2026-04-02T06:15:17.000Z,,529.99,2,2026-04-20 13:20:36
227283286245,m69027592016,LOUIS VUITTON Portemonnaie Rozari Empreinte Noir,2026-04-02T06:15:33.000Z,,529.99,0,2026-04-20 13:20:36
227283286355,m70863878555,Louis Vuitton Takashi Murakami Cherry Band Scarf New Excellent Rare Item,2026-04-02T06:15:46.000Z,,589.99,1,2026-04-20 13:20:36
227283286733,m74527167872,Louis Vuitton Murakami Scarf 120x5cm Silk Multicolor New w/ Bag & Box,2026-04-02T06:16:17.000Z,,769.99,0,2026-04-20 13:20:36
227283286978,m75078562849,Louis Vuitton Bandou BB 5x120cm Silk Multicolor White Takashi Murakami New,2026-04-02T06:16:31.000Z,,599.99,1,2026-04-20 13:20:36
227283287614,m75309137471,New Unused Louis Vuitton Monogram Essential Shawl,2026-04-02T06:16:48.000Z,,599.99,1,2026-04-20 13:20:36
227283288303,m77318258685,Louis Vuitton Murakami Bandou BB Monogram Cherry Size BB New with Bag,2026-04-02T06:17:03.000Z,,519.99,0,2026-04-20 13:20:36
227283289277,m78895542396,Louis Vuitton Monogram Multicolor BK Portemonnaie Cozy Multi Case,2026-04-02T06:17:22.000Z,,409.99,0,2026-04-20 13:20:36
227283289714,m16744022712,Louis Vuitton Card Case Porte Cartes Flora,2026-04-02T06:18:02.000Z,,529.99,0,2026-04-20 13:20:36
227283290193,m89613217793,Louis Vuitton Bandeau BB Let's Go,2026-04-02T06:18:36.000Z,,479.99,0,2026-04-20 13:20:36
227283290512,m93379926169,Louis Vuitton Monogram Cherry Pandos Scarf M96085 Red Excellent Box Ribbon,2026-04-02T06:19:12.000Z,,639.99,0,2026-04-20 13:20:36
227283291021,m95627620435,Louis Vuitton Flower Pattern Scarf 90cm Silk White/Blue/Pink New Box Tag,2026-04-02T06:19:27.000Z,,419.99,0,2026-04-20 13:20:36
227283291692,m97315710553,Louis Vuitton Takashi Murakami Scarf 52x52 Cotton Purple Monogram Used,2026-04-02T06:19:45.000Z,,439.99,0,2026-04-20 13:20:36
227283295039,UuL4VPmpadHk7Cw2M9omR6,Louis Vuitton Scarf 86cm Silk Yellow Monogram Condition 8 No Accessories,2026-04-02T06:25:56.000Z,,549.99,0,2026-04-20 13:20:36
227283295539,qGa63A3fX6ViDLySLHbF8H,Louis Vuitton I Love Monogram Scarf 66x68.5cm Silk Multicolor A Condition Box,2026-04-02T06:26:27.000Z,,799.99,0,2026-04-20 13:20:36
227283295963,xDgtP6nkPnmRyqtJBbeKsU,Louis Vuitton Carré 90 Monogram Rattan Scarf 90cm Silk Orange Excellent Box,2026-04-02T06:26:54.000Z,,629.99,0,2026-04-20 13:20:36
227283296655,m12312025551,Louis Vuitton M62935 Empreinte Portefeuille ZOE Wallet,2026-04-02T06:27:37.000Z,,439.99,0,2026-04-20 13:20:36
227283298054,m14499700252,Louis Vuitton Porte Cartes Recto Verso 13cm Monogram Mahina Pink Compact Wallet,2026-04-02T06:28:44.000Z,,559.99,1,2026-04-20 13:20:36
227283299221,m14775749215,IC-Equipped Luxury Louis Vuitton Zippy Coin Purse Eclipse,2026-04-02T06:29:07.000Z,,529.99,0,2026-04-20 13:20:36
227283299617,m14937931340,Louis Vuitton Zippy Coin Purse Epi Noir Black Excellent Condition,2026-04-02T06:29:31.000Z,,529.99,0,2026-04-20 13:20:36
227283300331,m17762557133,Louis Vuitton Folding Wallet Portefeuille Victoire Monogram Fuchsia,2026-04-02T06:30:20.000Z,,399.99,0,2026-04-20 13:20:36
227283300554,m19180478397,Louis Vuitton Pochette Clé Coin Case Virgil,2026-04-02T06:30:36.000Z,,529.99,2,2026-04-20 13:20:36
227283301021,m20701745351,Louis Vuitton Rosalie Coin Case Leather Coral Pink Embossed Logo Unused Dust Bag,2026-04-02T06:31:07.000Z,,669.99,0,2026-04-20 13:20:36
227283302357,m23692118311,Louis Vuitton Porte-Feuille Zippy 3-Fold Mini Wallet Monogram Brown New Complete,2026-04-02T06:31:46.000Z,,759.99,0,2026-04-20 13:20:36
227283302807,m23831854990,Louis Vuitton Monogram Embossed Wallet S Black Beautiful Condition,2026-04-02T06:32:16.000Z,,679.99,0,2026-04-20 13:20:36
227283303224,m25898604507,Louis Vuitton Zippy Coin Purse 11x8.5cm Calfskin Grey Gold Hardware Excellent,2026-04-02T06:33:16.000Z,,539.99,0,2026-04-20 13:20:36
227283303679,m30376220902,Louis Vuitton Mahina Leather Zippy Compact Wallet M81653 New Condition,2026-04-02T06:33:56.000Z,,759.99,0,2026-04-20 13:20:36
227283303894,m30653779944,Louis Vuitton Epi Zippy Coin Purse Coin Case Black,2026-04-02T06:34:15.000Z,,399.99,0,2026-04-20 13:20:36
227283304396,m31471902395,Louis Vuitton Monogram Giant New Box Bag,2026-04-02T06:34:59.000Z,,539.99,0,2026-04-20 13:20:36
227283304882,m32532980709,Louis Vuitton Monogram Wallet Brown Leather Box Ribbon Accessories,2026-04-02T06:36:01.000Z,,799.99,0,2026-04-20 13:20:36
227283305197,m33706535610,Louis Vuitton Monogram Compact Wallet Noir Leather Gold Access B+ Box,2026-04-02T06:36:38.000Z,,709.99,0,2026-04-20 13:20:36
227283305306,m33764007225,Louis Vuitton Portefeuille Louise Wallet 9x11.5cm Brown/Pink Compact Excellent,2026-04-02T06:36:57.000Z,,539.99,1,2026-04-20 13:20:36
227283305457,m34262139067,Louis Vuitton Porte Cartes Recto Verso 13cm Monogram Brown Mint Condition + Box,2026-04-02T06:37:18.000Z,,639.99,1,2026-04-20 13:20:36
227283305618,m34921443145,Louis Vuitton Zippy Wallet M60067 10x13cm Wool Dark Brown Monogram Excellent,2026-04-02T06:37:38.000Z,,529.99,0,2026-04-20 13:20:36
227283305740,m35765881393,Louis Vuitton Monogram Porte-Monnaie Rosalie with IC Chip Bi-Fold Wallet,2026-04-02T06:38:02.000Z,,529.99,0,2026-04-20 13:20:36
227283305804,m36302504274,Louis Vuitton Portefeuille Lou Mini Wallet Black Monogram Lambskin Excellent Box,2026-04-02T06:38:17.000Z,,539.99,0,2026-04-20 13:20:36
227283305920,m36529022559,Louis Vuitton Monogram Bifold Wallet Brown Leather Box Included,2026-04-02T06:38:35.000Z,,759.99,0,2026-04-20 13:20:36
227283306312,m37938478352,Louis Vuitton Portefeuille Juliette Compact Wallet Monogram Brown Black Used,2026-04-02T06:39:14.000Z,,529.99,0,2026-04-20 13:20:36
227283306795,m41741660656,Louis Vuitton Portefeuille Multiple 11.5x9cm Monogram Canvas Wallet Good,2026-04-02T06:40:17.000Z,,579.99,0,2026-04-20 13:20:36
227283306978,m41795161754,Louis Vuitton Portefeuille Dauphine Compact Wallet 12cm PVC Brown Monogram,2026-04-02T06:40:38.000Z,,679.99,0,2026-04-20 13:20:36
227283307631,m43756486138,Louis Vuitton Portefeuille Clara M80151 Black Monogram RFID Excellent Condition,2026-04-02T06:42:14.000Z,,799.99,0,2026-04-20 13:20:36
227283307869,m44853182725,Louis Vuitton Portefeuille Victoire Epi Leather Wallet 9.5x12 Navy Pink,2026-04-02T06:42:50.000Z,,529.99,0,2026-04-20 13:20:36
227283308023,m44872409693,Louis Vuitton Monogram Reverse Portefeuille Rosalie Wallet Brown Excellent,2026-04-02T06:43:14.000Z,,529.99,0,2026-04-20 13:20:36
227283308592,m45968967342,Louis Vuitton Monogram Dori handbag Wallet Brown Beige Gold Hardware Excellent,2026-04-02T06:44:02.000Z,,529.99,0,2026-04-20 13:20:36
227283309277,m46234950329,Louis Vuitton Portefeuille Wallet 3-Fold Black Leather Monogram Excellent Box,2026-04-02T06:44:21.000Z,,789.99,0,2026-04-20 13:20:36
227283310410,m48155940157,Louis Vuitton Monogram Tri-Fold Wallet Brown PVC Leather Mint,2026-04-02T06:45:21.000Z,,529.99,0,2026-04-20 13:20:36
227283311558,m49558600462,Louis Vuitton Monogram Empreinte Victorine Wallet Noir Unused Box,2026-04-02T06:46:57.000Z,,879.99,0,2026-04-20 13:20:36
227283311798,m49644710486,Louis Vuitton Portefeuille Louise Compact Wallet M81461 Monogram Brown Good,2026-04-02T06:47:37.000Z,,529.99,0,2026-04-20 13:20:36
227283311968,m50014999376,Louis Vuitton Portefeuille Lou Folding Wallet Black Leather Black Used w/ Ribbon,2026-04-02T06:48:08.000Z,,789.99,0,2026-04-20 13:20:36
227283312268,m50882331452,Louis Vuitton Capucines Compact Wallet 13.5cm Taurillon Leather Black Pink,2026-04-02T06:48:51.000Z,,529.99,0,2026-04-20 13:20:36
227283312357,m50943290543,"Louis Vuitton Victorine Wallet 3-Fold Black Leather Excellent + Shopper, Dust",2026-04-02T06:49:07.000Z,,529.99,0,2026-04-20 13:20:36
227283312465,m51064319516,Louis Vuitton Monogram Tri-Fold Wallet Lagoon Blue M83623 Boxed,2026-04-02T06:49:30.000Z,,619.99,0,2026-04-20 13:20:36
227283312563,m51248258817,Louis Vuitton Portefeuille Juliette Monogram Wallet Excellent Condition,2026-04-02T06:49:50.000Z,,549.99,0,2026-04-20 13:20:36
227283312654,m51764551646,Louis Vuitton Murakami Portmonnaie 11cm Monogram Multi-Color N Mint Condition,2026-04-02T06:50:14.000Z,,849.99,0,2026-04-20 13:20:36
227283312748,m52126163930,Louis Vuitton Portefeuille Victoire Black Leather Wallet Excellent Condition,2026-04-02T06:50:31.000Z,,799.99,0,2026-04-20 13:20:36
227283312820,m52776299716,Louis Vuitton Multicolor Leather Coin Case Condition: Used w/ Dust Bag,2026-04-02T06:50:46.000Z,,829.99,0,2026-04-20 13:20:36
227283312952,m53017977369,Louis Vuitton Monogram Empreinte Portefeuille Metis 11.5cm Noir A+ No Box,2026-04-02T06:51:08.000Z,,699.99,0,2026-04-20 13:20:36
227283313093,m53596711467,Louis Vuitton Capucines Tri-Fold Wallet Black,2026-04-02T06:51:24.000Z,,529.99,0,2026-04-20 13:20:36
227283313207,m53822353124,Louis Vuitton Portemonnaie Vivienne Size N/A Leather Multicolor Excellent Box &,2026-04-02T06:51:39.000Z,,759.99,0,2026-04-20 13:20:36
227283313366,m55158261464,Louis Vuitton Monogram Reverse Portefeuille Rosalie 11x8cm Brown Wallet,2026-04-02T06:51:58.000Z,,529.99,0,2026-04-20 13:20:36
227283313696,m55542959408,Louis Vuitton Since1854 Zippy Coin Case Jacquard Blue A Box Pouch,2026-04-02T06:52:16.000Z,,599.99,1,2026-04-20 13:20:36
227283314510,m55633700123,Louis Vuitton Capucines M81330 Wallet 19cm Trianon Leather Black RFID Excellent,2026-04-02T06:52:57.000Z,,769.99,0,2026-04-20 13:20:36
227283314609,m55750018459,Louis Vuitton Porte Monnaie Zippy Wallet Brown Monogram Good Condition,2026-04-02T06:53:12.000Z,,449.99,0,2026-04-20 13:20:36
227283315650,m56220559606,Louis Vuitton Monogram Wallet PVC Leather Pink Rose Used Box Dustbag,2026-04-02T06:53:38.000Z,,539.99,0,2026-04-20 13:20:36
227283317892,m56956631491,Louis Vuitton Portefeuille Lou Compact Wallet 11.5cm Black Monogram Excellent,2026-04-02T06:54:44.000Z,,859.99,0,2026-04-20 13:20:36
227283320648,m57490660066,"Louis Vuitton Portefeuille Dauphine Wallet, Leather, Brown, Excellent Condition",2026-04-02T06:55:14.000Z,,529.99,0,2026-04-20 13:20:36
227283321529,m57618238129,Louis Vuitton Portefeuille Victoire Wallet 12x9.5cm Black Leather Gold Accs,2026-04-02T06:55:33.000Z,,739.99,0,2026-04-20 13:20:36
227283322878,m58232398139,Louis Vuitton Porte- monnaie Clara Wallet Black Monogram Pre-owned,2026-04-02T06:56:08.000Z,,669.99,0,2026-04-20 13:20:36
227283324002,m58687471270,Louis Vuitton Portefeuille Zoe Wallet Monogram Beige Leather A Rank No Box,2026-04-02T06:56:55.000Z,,529.99,0,2026-04-20 13:20:36
227283324432,m60093778233,Louis Vuitton Empreinte Portefeuille Victorine Marine Rouge,2026-04-02T06:57:55.000Z,,529.99,0,2026-04-20 13:20:36
227283324826,m60982349481,Louis Vuitton Brown/Red Folding Wallet,2026-04-02T06:58:28.000Z,,429.99,0,2026-04-20 13:20:36
227283324952,m60517237438,"Louis Vuitton Zippy Coin Purse, New, Box & Dust Bag, Monogram, Excellent",2026-04-02T06:58:44.000Z,,529.99,0,2026-04-20 13:20:36
227283325122,m61303498894,Louis Vuitton Monogram Portefeuille Pilote Trion Tri-Fold Wallet,2026-04-02T06:59:11.000Z,,739.99,0,2026-04-20 13:20:36
227283325242,m61465775692,Louis Vuitton Porte Monnaie Noir Wallet 11x8.5cm Embossed Condition Good,2026-04-02T06:59:32.000Z,,649.99,0,2026-04-20 13:20:36
227283325435,m61573215317,Louis Vuitton Portefeuille Sarah Wallet 19cm Epi Leather Cocorico Red A Rank w/,2026-04-02T06:59:56.000Z,,529.99,0,2026-04-20 13:20:36
227283325713,m62170186787,"Louis Vuitton Monogram Empreinte Compact Wallet Black AB Condition, Accessories",2026-04-02T07:00:35.000Z,,839.99,0,2026-04-20 13:20:36
227283326064,m63073237292,Louis Vuitton Viennois Wallet Monogram Multicolor White New,2026-04-02T07:01:20.000Z,,739.99,0,2026-04-20 13:20:36
227283326259,m64126179809,Louis Vuitton Giant Reverse Zippy Wallet 7x9.5cm Brown Excellent Condition,2026-04-02T07:01:45.000Z,,529.99,0,2026-04-20 13:20:36
227283327057,m65739567582,Louis Vuitton Wallet New Blue/White Pink 11x9x2cm,2026-04-02T07:02:40.000Z,,529.99,0,2026-04-20 13:20:36
227283327331,m66357508919,Louis Vuitton Capucines Compact Wallet 13.5cm Taurillon Leather Beige Pink,2026-04-02T07:03:03.000Z,,529.99,0,2026-04-20 13:20:36
227283328051,m67744019151,Louis Vuitton Compact Wallet Tri-Fold Pink Beige Tumi Leather Excellent Cond.,2026-04-02T07:04:11.000Z,,529.99,0,2026-04-20 13:20:36
227283329028,m70230850260,Louis Vuitton Coin Purse Brown Leather Compact Used Box Included,2026-04-02T07:05:13.000Z,,559.99,0,2026-04-20 13:20:36
227283329437,m71150450450,Louis Vuitton Portefeuille Celeste M82133 Wallet 10x8cm Leather Noir Unisex Mint,2026-04-02T07:05:32.000Z,,529.99,0,2026-04-20 13:20:36
227283329886,m71392699479,Louis Vuitton Zippy Coin Case M82483 Laminated Canvas Gold Beige AB Box,2026-04-02T07:05:55.000Z,,529.99,0,2026-04-20 13:20:36
227283330165,m71542604010,Louis Vuitton Monogram Empreinte Portefeuille Claira Beige Leather Wallet Used,2026-04-02T07:06:16.000Z,,529.99,0,2026-04-20 13:20:36
227283330572,m73117932548,Louis Vuitton Wallet,2026-04-02T07:07:05.000Z,,429.99,0,2026-04-20 13:20:36
227283330969,m73327598995,Louis Vuitton Portefeuille Dorine 12cm Coated Canvas Monogram Reverse Excellent,2026-04-02T07:07:32.000Z,,529.99,0,2026-04-20 13:20:36
227283331266,m73450984716,Louis Vuitton Capucines Vertical Wallet 20x10cm Trianon Beige/Light Blue,2026-04-02T07:07:55.000Z,,709.99,0,2026-04-20 13:20:36
227283331696,m74294074190,Louis Vuitton Portefeuille M81529 Pink Leather Wallet Good Condition Box,2026-04-02T07:08:35.000Z,,699.99,0,2026-04-20 13:20:36
227283331993,m74879680296,Louis Vuitton Rosalie Wallet M83641 Empreinte Blue Coin Case Mint,2026-04-02T07:09:03.000Z,,689.99,0,2026-04-20 13:20:36
227283332472,m75270227033,Louis Vuitton Multiple Wallet M14691 9x11.5cm Leather Blue Monogram New Boxed,2026-04-02T07:09:49.000Z,,739.99,0,2026-04-20 13:20:36
227283332603,m75593758586,Louis Vuitton Porte Monnaie Rosalie Mini Pink Limited Edition Excellent Box,2026-04-02T07:10:04.000Z,,679.99,0,2026-04-20 13:20:36
227283333233,m77848346034,Louis Vuitton Porte-Feuille Clara S Leather Black Monogram Wallet Good Condition,2026-04-02T07:11:12.000Z,,759.99,0,2026-04-20 13:20:36
227283333386,m78292726443,Louis Vuitton Portefeuille Victorine 9.5cm Wallet Monogram Black Used Box,2026-04-02T07:11:33.000Z,,529.99,0,2026-04-20 13:20:36
227283333512,m78804711606,Louis Vuitton Zippy Coin Purse M68696 Size S Monogram Empreinte Beige Good,2026-04-02T07:11:50.000Z,,699.99,0,2026-04-20 13:20:36
227283334277,m80601088624,Louis Vuitton Victorine M82062 12x9.5cm Monogram Bi-Color Cream/Rose Condition A,2026-04-02T07:13:01.000Z,,639.99,0,2026-04-20 13:20:36
227283334418,m81046406552,Louis Vuitton Portemonnaie Rosalie Mini Misty Lilac Excellent Condition,2026-04-02T07:13:16.000Z,,729.99,0,2026-04-20 13:20:36
227283335021,m81209974235,Louis Vuitton Portefeuille Victorine Wallet White Leather Monogram Excellent,2026-04-02T07:13:33.000Z,,539.99,3,2026-04-20 13:20:36
227283335378,m82326807319,Unused Level Louis Vuitton Mahina Portefeuille Iris XS Noir,2026-04-02T07:14:15.000Z,,529.99,0,2026-04-20 13:20:36
227283335669,m85155256850,LOUIS VUITTON Empreinte Tri-Fold Wallet Victorine,2026-04-02T07:14:52.000Z,,529.99,0,2026-04-20 13:20:36
227283335845,m86119795525,Louis Vuitton Monogram Compact Wallet Navy Excellent,2026-04-02T07:15:08.000Z,,569.99,0,2026-04-20 13:20:36
227283336642,m86611606746,Louis Vuitton Portefeuille Victorine Wallet 11.5cm Monogram Brown N Box Dustbag,2026-04-02T07:15:49.000Z,,579.99,0,2026-04-20 13:20:36
227283337356,m89332230146,Louis Vuitton Monogram Porte-Feuille Victoire 12x9cm Noir Wallet A Rank,2026-04-02T07:16:57.000Z,,619.99,0,2026-04-20 13:20:36
227283337768,m90251358938,Louis Vuitton Porte-Feuille Victoriine Wallet 0309A028,2026-04-02T07:17:39.000Z,,529.99,0,2026-04-20 13:20:36
227283337846,m91175081812,Louis Vuitton Monogram Leather Bifold Wallet Brown Card Slots,2026-04-02T07:17:55.000Z,,529.99,0,2026-04-20 13:20:36
227283337981,m91637158222,Louis Vuitton Metis Compact Wallet M80880 Monogram Noir RFID A+ Box,2026-04-02T07:18:17.000Z,,719.99,0,2026-04-20 13:20:36
227283338441,m92775432416,Louis Vuitton Mahina Wallet M62540 12x9.5cm Noir Black Excellent Condition,2026-04-02T07:18:36.000Z,,529.99,0,2026-04-20 13:20:36
227283339245,m93647606427,Louis Vuitton Pochette Klé Denim 6.5x11.7cm Noir Key Hook Excellent Box,2026-04-02T07:18:50.000Z,,529.99,0,2026-04-20 13:20:36
227283340353,m94372388259,Louis Vuitton Empreinte Porte-Feuille Clare Bi-Color Folded Wallet,2026-04-02T07:19:11.000Z,,859.99,0,2026-04-20 13:20:36
227283343068,m96653679751,Louis Vuitton Monogram Embossed Portefeuille Yulo Wallet SS IC Chip Brown,2026-04-02T07:20:28.000Z,,749.99,0,2026-04-20 13:20:36
227283343737,m97708017446,Louis Vuitton Wallet Porte Monnaie Claire 11.2cm Monogram Leather Beige Used,2026-04-02T07:21:19.000Z,,569.99,0,2026-04-20 13:20:36
227283344761,m99914433595,Louis Vuitton Monogram Empreinte Portefeuille Coin Case Yellow 8.5cm Excellent,2026-04-02T07:22:36.000Z,,529.99,0,2026-04-20 13:20:36
227283351912,2JPBzJZuSn8vYmh3f5TjbL,Louis Vuitton Coin Case Monogram Porte-Monnaie Long M61926,2026-04-02T07:29:22.000Z,,529.99,0,2026-04-20 13:20:36
227283352171,2JPEb9CZnj32YboR8TCygs,LOUIS VUITTON Zippy Coin Purse Coin Case Monogram Brown M60067,2026-04-02T07:29:51.000Z,,529.99,0,2026-04-20 13:20:36
227283352444,2JPEbUyJ2wVQxCnawrC9kt,LOUIS VUITTON Pochette Clé Key Ring Coin Case Monogram Empreinte Bicolor,2026-04-02T07:30:18.000Z,,529.99,0,2026-04-20 13:20:36
