Brand,ASIN,US_Venesplo
KADOKAWA,4041109620,2026-02-24
小学館,4092969236,2026-02-24
徳間書店,4198699011,2026-02-24
静山社,4863897006,2026-02-24
マイクロマガジン社,4896379225,2026-02-24
Makita(マキタ),B0000223IY,2026-02-24
ワーナーミュージック・ジャパン,B00005HFVR,2026-02-24
バップ,B00005HULI,2026-02-24
コーエー,B00005OGT7,2026-02-24
メディアカイト,B00005OIBZ,2026-02-24
コンパイル,B00005OVGL,2026-02-24
アクセラ,B00005OVI9,2026-02-24
アスキー,B00005OVQS,2026-02-24
アルゼ,B00005OVS9,2026-02-24
エンターブレイン,B00005OVSG,2026-02-24
From Software,B00005OVUQ,2026-02-24
ANYCCS,B00005OVWB,2026-02-24
ゼネラル・エンタテイメント,B00005OVWY,2026-02-24
アイドス・インタラクティブ,B00005U0LF,2026-02-24
元気,B000063VLN,2026-02-24
徳川システム,B0000641HI,2026-02-24
エニックス,B0000645P6,2026-02-24
タカラ,B0000668UA,2026-02-24
グローバル・A・エンタテインメント,B000068338,2026-02-24
j &l game,B000068GVU,2026-02-24
ユタカ(Yutaka),B000068GX3,2026-02-24
コトブキシステム,B000068H0J,2026-02-24
ジャレコ,B000068H1M,2026-02-24
サンソフト,B000068H5D,2026-02-24
カロッツェリアジャパン,B000068H6A,2026-02-24
ココナッツジャパン エンターテイメント,B000068H9A,2026-02-24
アスク,B000068HA1,2026-02-24
ヒューマン,B000068HA9,2026-02-24
データイースト,B000068HDP,2026-02-24
ユークス,B000068HIT,2026-02-24
アイジーエス,B000068HNW,2026-02-24
カネコ,B000068HPB,2026-02-24
ビクターエンタテインメント,B000068HQB,2026-02-24
ケイエスエス,B000068HVU,2026-02-24
ゲームプランにじゅういち,B000068HWI,2026-02-24
ティーアンドイーソフト,B000068HZH,2026-02-24
ソフエル,B000068I6C,2026-02-24
ウルフチーム,B000068I6M,2026-02-24
BPS,B000068I72,2026-02-24
アテナ,B000068I8I,2026-02-24
エンジェル/メガハウス,B000068IBQ,2026-02-24
キッド,B0000694RF,2026-02-24
ネクサスインターラクト,B000069RSJ,2026-02-24
クライマックス,B000069RUL,2026-02-24
パイオニアLDC,B000069RV6,2026-02-24
データム・ポリスター,B000069SCE,2026-02-24
マップジャパン,B000069SDX,2026-02-24
Pow!,B000069SI6,2026-02-24
ザウルス,B000069SKR,2026-02-24
ウエップシステム,B000069SN6,2026-02-24
エスコット,B000069SNW,2026-02-24
ボトムアップ,B000069SP4,2026-02-24
ダイキ,B000069SPH,2026-02-24
Human Entertainment,B000069SUP,2026-02-24
日本物産,B000069SVX,2026-02-24
セタ,B000069SZS,2026-02-24
リバーヒルソフト,B000069T49,2026-02-24
カゼ,B000069T5U,2026-02-24
ビデオシステム,B000069TGU,2026-02-24
HUDSON SOFT,B000069U2L,2026-02-24
マイクロキャビン,B000069U5D,2026-02-24
メサイヤ,B000069UBS,2026-02-24
ゲームアーツ,B000069UE5,2026-02-24
エルフ(ELF),B000069UG7,2026-02-24
小学館プロダクション,B000069UI9,2026-02-24
アクレイムジャパン,B000069UJW,2026-02-24
ライトスタッフ,B000069ULK,2026-02-24
アルトロン,B000069UMN,2026-02-24
J・ウイング,B000069UNE,2026-02-24
日本一ソフトウェア,B000069UOS,2026-02-24
メディアエンターテイメント,B000069URA,2026-02-24
角川書店,B000069URM,2026-02-24
日本ファルコム,B00006FREK,2026-02-24
サミー,B00006L902,2026-02-24
アーベル,B00006LJH1,2026-02-24
ゲームビレッジ,B00006LJHD,2026-02-24
翔泳社,B00006LJK7,2026-02-24
マイピック,B00006RD9I,2026-02-24
インターチャネル,B00007KM2Q,2026-02-24
King Records,B00007LLA9,2026-02-24
データウエスト,B00008HX4R,2026-02-24
マスターピース,B00008I0GC,2026-02-24
ハックベリー,B00008R8KE,2026-02-24
フォーティファイブ,B000092P5E,2026-02-24
アンバランス,B000096JDO,2026-02-24
Ricordi,B00009L1YR,2026-02-24
キッズステーション,B00009MLGR,2026-02-24
デジキューブ,B0000A1WKC,2026-02-24
プリンセスソフト,B0000AKGN6,2026-02-24
ジョルダン,B0000AM72L,2026-02-24
宮崎製作所(Miyazaki Seisakusho),B0000DIJ3V,2026-02-24
メディアリング,B0000ZPLV8,2026-02-24
ＰＣエンジン・スーパーＣＤロム,B0000ZPOJM,2026-02-24
インテック,B0000ZPOSI,2026-02-24
アイレム,B0000ZPP3M,2026-02-24
ノーブランド品,B0000ZPPJ6,2026-02-24
フェイス,B0000ZPPKU,2026-02-24
エピックソニーレコード,B0000ZPTDS,2026-02-24
パック・イン・ビデオ,B0000ZPV0O,2026-02-24
ナグザット,B0000ZPVEA,2026-02-24
麻雀レモンエンジェル 【PCエンジン】,B0000ZPVYU,2026-02-24
システムソフト・アルファー,B000127Y60,2026-02-24
ADK,B00014B09U,2026-02-24
ショウエイシステム,B00019P7LW,2026-02-24
バリエ,B00019P7QM,2026-02-24
シスコンエンタテインメント,B00019P83Y,2026-02-24
マーベラスインタラクティブ,B0001E33JU,2026-02-24
KEY,B0001MMHB2,2026-02-24
NECホームエレクトロニクス,B0001PW95S,2026-02-24
プロアクションリプレイシリーズ,B0001RBGZU,2026-02-24
Stedman,B0001Z99R4,2026-02-24
tech21,B0002D0MOY,2026-02-24
Ibanez(アイバニーズ),B0002DV88I,2026-02-24
セルマー・パリ,B0002E1IW8,2026-02-24
サンライズインタラクティブ,B0002ER692,2026-02-24
Softone,B0002F5D0U,2026-02-24
Pirastro,B0002FO78E,2026-02-24
グッドナビゲイト,B0002IW738,2026-02-24
アクアプラス,B0002TY19A,2026-02-24
サクセス,B0003H2RA6,2026-02-24
サイバーフロント,B0007L8TOQ,2026-02-24
CIRCUS,B00097G3ZU,2026-02-24
QuinRose~クインロゼ~,B0009VA9PQ,2026-02-24
ビーチラー,B0009Y3FH2,2026-02-24
ドラス,B000A3DB44,2026-02-24
RADIAL,B000A8J3N2,2026-02-24
日本ガイシ,B000AD7C62,2026-02-24
ガスト,B000AMF9HC,2026-02-24
フォグ,B000AMHVQY,2026-02-24
アルケミスト,B000AOYWA0,2026-02-24
ルーセント(Lucent),B000ARQJEE,2026-02-24
トミー,B000BAFXF6,2026-02-24
マイ・ハーベスト,B000BRO71K,2026-02-24
マイケルソフト,B000COFH66,2026-02-24
ハムスター,B000E3UNFU,2026-02-24
エムスリイエンタテインメント,B000E3WPY2,2026-02-24
アーテイン,B000E9NHUM,2026-02-24
ラッセル,B000ELJ5RY,2026-02-24
AERO LIFE エアロライフ,B000F056EK,2026-02-24
積水樹脂商事(Sekisuijushishoji),B000F6PK5Y,2026-02-24
IRI-CT,B000F7BQ6U,2026-02-24
クリプトン・フューチャー・メディア,B000FCUU08,2026-02-24
グレフ,B000FISQQ2,2026-02-24
Crave Entertainment,B000FJL1Z4,2026-02-24
サンナホル,B000FQVIX2,2026-02-24
Sweets,B000H6G7QI,2026-02-24
データシステム(Data System),B000HP5J9U,2026-02-24
順造選,B000IUDYN2,2026-02-24
ヴューズ,B000IWKEO2,2026-02-24
ジェネックス,B000J0TU9S,2026-02-24
ピカ(PiCa),B000KJHGJO,2026-02-24
ズー,B000KLPBM6,2026-02-24
童,B000LILSLQ,2026-02-24
平和工業(Heiwa Kougyou),B000LQOVXU,2026-02-24
マイナビ,B000N90DUU,2026-02-24
Southpeak,B000NDFFI6,2026-02-24
フジキ,B000NI35KQ,2026-02-24
SNKプレイモア,B000P33RIO,2026-02-24
Propellerhead,B000PGRHKA,2026-02-24
エコールソフトウェア,B000QVKF3K,2026-02-24
メルテック(meltec),B000T0C7GQ,2026-02-24
大和製衡(Yamato),B000TGF22Q,2026-02-24
ハタヤ(HATAYA),B000TGF35C,2026-02-24
テラモト(TERAMOTO),B000TGHJCM,2026-02-24
AZ(エーゼット),B000TGHKMQ,2026-02-24
寺田ポンプ製作所,B000TGLKJU,2026-02-24
デイテル・ジャパン,B000TUU8GW,2026-02-24
フォトジェニック(Photogenic),B000TV15RW,2026-02-24
ダイワ(DAIWA),B000UZRRE2,2026-02-24
SOURCE AUDIO,B000V38K08,2026-02-24
スティング,B000VE0FJG,2026-02-24
島製作所,B000VO8OFS,2026-02-24
NICHIDO,B000W9FP0O,2026-02-24
CNB,B000W9GJP4,2026-02-24
藤井電工(Fujii Denko),B000W9KY0K,2026-02-24
KURE(呉工業),B000W9L0CQ,2026-02-24
UNI-PEX,B000WM8SB4,2026-02-24
チクマ,B000WMGGYA,2026-02-24
ダイヤセーフ,B000WMOD4U,2026-02-24
ハルシュタット(Hallstatt),B000X8J7VM,2026-02-24
スターフィッシュ・エスディ,B000X9ZKYY,2026-02-24
ソニックパワード,B000XP4DYQ,2026-02-24
THQジャパン,B000XUH87K,2026-02-24
ホリズォン,B000Y2WLP6,2026-02-24
HARRISON,B000Y5VIY8,2026-02-24
アイダ,B000Y6063G,2026-02-24
テクノブレイン,B000YW2HYQ,2026-02-24
クマガイ,B0010HK642,2026-02-24
ネイキッズ,B0010TDL9C,2026-02-24
アージュ,B0010Y92N6,2026-02-24
徳潤,B00116AX0O,2026-02-24
J-Supply,B00118UDMK,2026-02-24
マイルストーン,B0011Y14F4,2026-02-24
WAYUTA,B0012NJP50,2026-02-24
ホンマ製作所,B0012OP8IW,2026-02-24
塩野義製薬,B0012RERP4,2026-02-24
インターチャネル・ホロン,B0013D7CP4,2026-02-24
アスガルド,B0014084RQ,2026-02-24
PIACCI,B001542YDG,2026-02-24
ミツル,B0016707FO,2026-02-24
ニッパクホイル,B0016APUWG,2026-02-24
AQインタラクティブ,B0017S393E,2026-02-24
クロレラ工業,B001B0CIA8,2026-02-24
モス,B001BAQFUW,2026-02-24
イースター,B001BB5R82,2026-02-24
Famous,B001BYIN4E,2026-02-24
Bethesda,B001C3MNC2,2026-02-24
メディアカイト販売,B001CHIUT8,2026-02-24
ガンホー・ワークス,B001D5HS3S,2026-02-24
スイデン(Suiden),B001D7BSGE,2026-02-24
共立電気計器,B001D7DESE,2026-02-24
トラスコ中山(TRUSCO),B001D7DGW8,2026-02-24
日本エレクトロ・ハーモニックス,B001DCC58Y,2026-02-24
工画堂スタジオ,B001E2IOC4,2026-02-24
ソーラートーン,B001E40JSY,2026-02-24
QuinRose,B001E7GTKS,2026-02-24
FB(古河電池),B001EFG9FU,2026-02-24
ケイブ,B001EYTO2Q,2026-02-24
マイザ,B001F60PVM,2026-02-24
fonfun,B001FB6P5C,2026-02-24
セーラー万年筆,B001G5Z67A,2026-02-24
ライクイット(like-it),B001H059BM,2026-02-24
京楽産業ホールディングス,B001HN6FTY,2026-02-24
Beck/ベック社,B001HXFRUM,2026-02-24
テルッツォ(Terzo),B001HYIJGK,2026-02-24
トライアングル・サービス,B001IDYN6A,2026-02-24
Aguilar,B001IZAUMO,2026-02-24
システムソフト・ベータ,B001JEODJK,2026-02-24
アルモア(Armor),B001LKSMTY,2026-02-24
Max Daniel Designs,B001LNNJLW,2026-02-24
クマガイ電工(Kumagai-Dk),B001LOG148,2026-02-24
帝国書院,B001M0O5DA,2026-02-24
ブリッツ(Blitz),B001MRH198,2026-02-24
オブ・コスメティックス(Of cosmetics),B001O2RBYQ,2026-02-24
Aker Leather,B001OI24XI,2026-02-24
Genterprice,B001OI24Z6,2026-02-24
ARAI TENT,B001P4ZR6C,2026-02-24
imageshaft,B001P9O2A4,2026-02-24
タイジ（株）,B001RTV3CM,2026-02-24
タイジ,B001RTZDT6,2026-02-24
スーパーゾイル(Super Zoil),B001RWAITI,2026-02-24
ビータ(Vita),B001SMTSAC,2026-02-24
ディンプル,B001SN6Y1W,2026-02-24
TKG遠藤商事,B001T14C12,2026-02-24
ドクター ウィラード・ウォーター,B001TK2WZQ,2026-02-24
甲南,B001TPH0TY,2026-02-24
BUSICOM,B001UFW1UG,2026-02-24
マサダ製作所,B001UJ2O6S,2026-02-24
大和製衡,B001UJMK1M,2026-02-24
新興製作所,B0020FPXPU,2026-02-24
コモリンク,B0023B2Z4S,2026-02-24
ミラフォン(Miraphone),B0023OS1CK,2026-02-24
ESP,B0026R979A,2026-02-24
ラトロンバ/La Tromba,B002AOSNFI,2026-02-24
HDRsoft,B002CIP12U,2026-02-24
アスキー・メディアワークス,B002CJMO4M,2026-02-24
今枝商店,B002CO6CN6,2026-02-24
HONEY BEE,B002E8FVA0,2026-02-24
TWhours,B002FDNKZM,2026-02-24
nonbrand,B002GE5NOQ,2026-02-24
アイイーインスティテュート,B002GKBLMS,2026-02-24
EVH,B002IGT0VY,2026-02-24
AMZTOP,B002JJVDAG,2026-02-24
アクワイア,B002JM119Q,2026-02-24
OSMO,B002KN58RU,2026-02-24
テラダ,B002L4ZXW8,2026-02-24
ワタナベオイスター,B002L65FGA,2026-02-24
コムシード,B002MZYU3O,2026-02-24
イチネンケミカルズ(Ichinen Chemicals),B002O31UY6,2026-02-24
IKキャリー,B002OH6PZQ,2026-02-24
淀川電機製作所,B002P7DUYE,2026-02-24
キョーワ,B002P7YT3A,2026-02-24
シゲマツ,B002P90Y2S,2026-02-24
カラテック,B002PL6LQY,2026-02-24
yasaki コーナークリップ,B002QE7FZG,2026-02-24
武藤商事(Muto Syouji),B002QI2XX6,2026-02-24
TOP DRY(アサヒ トップドライ),B002QXM9W6,2026-02-24
GNソフトウェア,B002QXMV4C,2026-02-24
アドニス,B002ROQC0Y,2026-02-24
Shappell,B002RWBPRQ,2026-02-24
コーナン,B002S1GSTG,2026-02-24
BANDAI NAMCO ENTERTAINMENT,B002YQ3YFG,2026-02-24
ロイヤルスプーン,B00303588S,2026-02-24
トーヨー消火器工業,B0030D8OV6,2026-02-24
KAWAJUN,B0030R8OGM,2026-02-24
LAOSEP,B0032YZ55Q,2026-02-24
Buosha,B0032Z1CR0,2026-02-24
アルテ,B0033VPDDW,2026-02-24
セフティー3(Safety-3),B0034XRDZ0,2026-02-24
カラフル☆ライフ,B003589Y38,2026-02-24
クロムスタイル(Chrome-Style),B00358EQ54,2026-02-24
ドットわん,B003641UZG,2026-02-24
富士電線工業,B0036CPIOW,2026-02-24
GAE,B0036DD2GM,2026-02-24
スズキッド(SUZUKID),B0037OSY1S,2026-02-24
DELFONICS(デルフォニックス),B0037W1CVY,2026-02-24
ITOMASA,B0038H3T7S,2026-02-24
日本プロポリス,B0038OROY0,2026-02-24
Clavia,B0038PDU9W,2026-02-24
THE NUDE CABLE,B003AVL2V2,2026-02-24
カンペハピオ(Kanpe Hapio),B003B2PEM8,2026-02-24
アサダ,B003B30F44,2026-02-24
GREEN ACE(グリーンエース),B003B31DRM,2026-02-24
片山チエン,B003B37LJ6,2026-02-24
Seidigu,B003B6QSOW,2026-02-24
ソト(SOTO),B003BYW6J0,2026-02-24
いにしえの炎,B003CG321I,2026-02-24
古月琴坊,B003CH0W24,2026-02-24
NICHIBAN ニチバン,B003FYT3A6,2026-02-24
Spirit by STEINBERGER,B003J5Q5AC,2026-02-24
Sonnox,B003LO8DOW,2026-02-24
Fuji Electric,B003M2S51E,2026-02-24
横井パッケージ,B003MTMQ1M,2026-02-24
琉球三線専門店　ちゅら咲,B003N1UJ1S,2026-02-24
DJ-Tech,B003P0MB8Q,2026-02-24
Maison,B003P8WXSG,2026-02-24
Hallstatt,B003PHITIU,2026-02-24
NOSACKS(ノサックス),B003QV37NC,2026-02-24
POPOLO,B003TJ8VXW,2026-02-24
Guoml,B003TLTSZA,2026-02-24
スチールラックのキタジマ,B003UYO9IM,2026-02-24
柳澤管楽器,B003VGOXJO,2026-02-24
E.W.S.,B003XKOJYC,2026-02-24
Ultimate Support,B003Y5A8EG,2026-02-24
CONTEMPORANEA,B003Z6YL2O,2026-02-24
ブシロード,B003Z9L31I,2026-02-24
東洋事務器工業,B003ZK7KYQ,2026-02-24
玉の露,B004069M7M,2026-02-24
STEINBERGER,B0040PHN42,2026-02-24
角川ゲームス,B0040V686U,2026-02-24
旭風防(AF ASAHI),B0040XETPK,2026-02-24
フィールズ,B00421AUOY,2026-02-24
ティアンドデイ(T&D),B00421KSBE,2026-02-24
Homry,B0042GJPM2,2026-02-24
YUPON,B0042ITVTW,2026-02-24
Synthogy,B0042LKSXW,2026-02-24
Luminous(ルミナス),B0042RTRVU,2026-02-24
Sudsty,B0044FWL40,2026-02-24
フューチャーアロー,B0046963TS,2026-02-24
HOBiRECORDS,B0046ZSX3G,2026-02-24
新潟辰巳屋,B0047JGAF4,2026-02-24
ヤマサキ,B004A90WNW,2026-02-24
ピアノ周辺商品,B004ADR1AA,2026-02-24
Holton,B004AOELXY,2026-02-24
ブライトスターバッテリー,B004BDM3BQ,2026-02-24
ROCKBAG by Warwick,B004BWFOKY,2026-02-24
タイジ(Taiji),B004D2G39I,2026-02-24
Freedom Custom Guitar Research フリーダムカスタムリサーチ,B004E91V38,2026-02-24
MODOWAI,B004F9QR5O,2026-02-24
Legend by Aria レジェンド,B004FDPON6,2026-02-24
松本洋紙店,B004GGN1KU,2026-02-24
メディア・ファイブ,B004GHODCY,2026-02-24
旭風防（AF ASAHI）,B004H8ESIG,2026-02-24
キタコ(KITACO),B004H8ZQ32,2026-02-24
カーボンマック,B004ISG7AC,2026-02-24
興和化成,B004K0DGJ8,2026-02-24
ゲームオン,B004KJENRI,2026-02-24
有限会社　青葉,B004KVD5F2,2026-02-24
カグクロ,B004L90SL2,2026-02-24
カリンバ,B004LICNRK,2026-02-24
青葉,B004LQJTAQ,2026-02-24
吉澤,B004M8LJ2E,2026-02-24
シーケーディ(CKD),B004MXOB92,2026-02-24
コフロック,B004MXOEF8,2026-02-24
三線工房まちだ屋,B004NALKJS,2026-02-24
gomushu-gou～ゴム集合,B004NGTBRU,2026-02-24
JZ Microphones,B004O9F65C,2026-02-24
象印チェンブロック (elephant chain block),B004OCLQ0S,2026-02-24
スイコー(Suiko),B004OCN1VK,2026-02-24
日本プラスター(Nihon Plaster),B004OCP1F4,2026-02-24
タブチ,B004OCQEXW,2026-02-24
千代田精機,B004OR055K,2026-02-24
萩原工業(HAGIHARA),B004OR5MKI,2026-02-24
三和式ベンチレーター,B004OVT8PO,2026-02-24
デオシート,B004QFDZCA,2026-02-24
防災ダイレクト,B004QLKO46,2026-02-24
日本アンテナ,B004QWY6CG,2026-02-24
JK,B004SNHRY2,2026-02-24
農業資材.COM,B004TKLRIQ,2026-02-24
Peltism(ペルチィズム),B004U9LEMA,2026-02-24
ニトロプラス,B004UJ36TO,2026-02-24
日本工業備品,B004VQSP7O,2026-02-24
アバンド,B004W7XM9I,2026-02-24
高吸水性樹脂CP-1,B004WK27NC,2026-02-24
ドクタープラス,B004WMVPU6,2026-02-24
BOOST ON,B0050MLQ0Q,2026-02-24
PO.SU.TA,B0052QNTAU,2026-02-24
GL cases,B0052W6G2W,2026-02-24
MEDIA ACTIVE,B0054359O0,2026-02-24
ハイブリッドファン,B0055ET9PS,2026-02-24
ピュアロイヤル,B00569XKWU,2026-02-24
オーラルケア,B0057D33AY,2026-02-24
ミキエコー37,B0058LKU7Y,2026-02-24
染めQテクノロジィ(Somay-Q Technology),B0058MONIU,2026-02-24
淡麗グリーンラベル,B005BBCE2K,2026-02-24
ＬＵＣＫ＊ＣＨＵＣＫ,B005C8167Q,2026-02-24
音泉,B005CMIBPM,2026-02-24
ウォレスコレクション,B005DCS36I,2026-02-24
王冠化学工業所,B005EVN9G2,2026-02-24
Tony Dixon,B005F2HSBM,2026-02-24
セレクトSHOPぶるーまん,B005FDHWK8,2026-02-24
EMG,B005GNB0LO,2026-02-24
RON VAUGHN,B005HBJG9S,2026-02-24
大栄産業(Daiei),B005IEQM1Y,2026-02-24
リス,B005J0WSBU,2026-02-24
リヒトラブ(Lihit lab.),B005J0XJAE,2026-02-24
ESCI,B005J9BFZG,2026-02-24
LITE-PUTER,B005JA71Y4,2026-02-24
HashkuDe,B005K2KL4S,2026-02-24
ディーキャトロ(DCUATRO),B005KOZK8I,2026-02-24
National Cycle,B005KQVAXK,2026-02-24
Natruly,B005LA2BSS,2026-02-24
ELF,B005LN5EG6,2026-02-24
Turkish,B005M9BJPY,2026-02-24
グラスネイル,B005MWKAUG,2026-02-24
小出,B005OH04L4,2026-02-24
HOUSTON(ヒューストン),B005QG18JK,2026-02-24
ニッペ(Nippe),B005TFHDYW,2026-02-24
タヒチアンノニ,B005WZBHZU,2026-02-24
EMUL,B005XIQA58,2026-02-24
ヘリオス酒造,B005Z1TCGW,2026-02-24
筆庵,B006430PMU,2026-02-24
シンセイ(Shinsei),B0064IQNN0,2026-02-24
ジェイトリップ(J-TRIP),B0067HK6MM,2026-02-24
Belden,B006AL3RAI,2026-02-24
EVAH PIRAZZI,B006AMXWMU,2026-02-24
オン・ステージ,B006BLK9MG,2026-02-24
ホンコ,B006GN7MV0,2026-02-24
うつわ日和,B006J2Y392,2026-02-24
あわうみ(Awaumi),B006JN7FAK,2026-02-24
Sansei,B006O3W8NY,2026-02-24
ニチアス,B006WSRSKY,2026-02-24
リッチェル(Richell),B006WWF118,2026-02-24
ウォーターエンジニアリング,B0071HBKIQ,2026-02-24
マーフィード,B0071QHWN4,2026-02-24
VORAGA,B007258PQC,2026-02-24
奄美大島酒造（鹿児島県）,B0072J9OGS,2026-02-24
ニッポー,B0074BPS4Q,2026-02-24
Gohill,B0075IORRM,2026-02-24
サンコーテクノ(Sanko Techno),B00762AD1G,2026-02-24
Soft one,B0077HSYGG,2026-02-24
補助ペダル関係,B007AONA7O,2026-02-24
クプレラ,B007GRWWKQ,2026-02-24
タンデムライダーズ(Tandem Riders),B007JRACZU,2026-02-24
丸山製作所(Maruyamaseisakusyo),B007K2N75G,2026-02-24
丸長,B007KWXTSG,2026-02-24
丸和書店,B007LYZURG,2026-02-24
SPF［野球練習用具開発オフィス］,B007NURR6A,2026-02-24
KAMINARI GUITARS,B007PMEF2A,2026-02-24
KAMINARI,B007PMF4AC,2026-02-24
FUJITSUBO,B007PWCTW8,2026-02-24
クックパー,B007Q1LIRK,2026-02-24
NEORIDERS,B007SRLQFQ,2026-02-24
ママ代行ミルク屋さん,B007UJZSYM,2026-02-24
クレモニーニ,B007UWP4KC,2026-02-24
あわうみ,B007WSM49S,2026-02-24
パンドウイットコーポレーション(PANDUIT),B007WYURP0,2026-02-24
Mission Engineering,B007XT2SCY,2026-02-24
DXアンテナ,B007Z9JMHG,2026-02-24
10cube Leathermart,B0080LKDMG,2026-02-24
フレックス販売(Flex),B0083F91W2,2026-02-24
デジターボ,B0087106AS,2026-02-24
バイオフーズインターナショナル,B00871Q80U,2026-02-24
DIXCEL(ディクセル),B008AE7GR8,2026-02-24
Himmelstrutz Elektro Art,B008B3NO7Y,2026-02-24
Bliss(ブリス),B008BR6NAU,2026-02-24
Coca Cola,B008CCZD5K,2026-02-24
エスペリア(Espelir),B008CKM78S,2026-02-24
Vemuram,B008GHU4BY,2026-02-24
洗えるかや,B008GQ57R6,2026-02-24
ゲームテック,B008H0HJIG,2026-02-24
Daisy2,B008HODRV0,2026-02-24
アルミス(Alumis),B008ICSBGC,2026-02-24
柿本改(Kakimotoracing),B008JKZUXU,2026-02-24
カーベック(CARVEK),B008N4QQIK,2026-02-24
Yeti (イエティ),B008PNQI5K,2026-02-24
第一酵母,B008PO4L4O,2026-02-24
川村製紐,B008S7WB5E,2026-02-24
計電産業,B008VPI62A,2026-02-24
アウリス (AURIS),B008YCOFD4,2026-02-24
トスパ,B0090ZYD7C,2026-02-24
エポキシパテ,B0091FUCV2,2026-02-24
マイクロロン(Microlon),B0091GTVN6,2026-02-24
コシラック,B0095SRFWO,2026-02-24
mita,B0096J5JXE,2026-02-24
いいはねふとん店∞グッドフェザー∞Ｇｏｏｄ＼Ｆｅａｔｈｅｒ,B009A9XUDG,2026-02-24
PlanPeace,B009D99RR6,2026-02-24
ユニペックス,B009GY4G4W,2026-02-24
ユニペックス（株）,B009GY4J5I,2026-02-24
日本電興,B009HOPXPW,2026-02-24
ムシポン,B009HPAYY6,2026-02-24
TJMジャパン,B009ID8FSY,2026-02-24
株式会社カネニニシ,B009IFGBG0,2026-02-24
シーバイエス,B009IKH82G,2026-02-24
善玉バイオ,B009LESK80,2026-02-24
ProSelect,B009LGPSJC,2026-02-24
ParaPhra,B009P0IIU0,2026-02-24
Edge Records,B009PJNLQM,2026-02-24
秀和(Shu-Wa),B009QWZ8BO,2026-02-24
WHA corporation(ワーコーポレーション),B009SETA2S,2026-02-24
信越化学工業株式会社,B009SI4H18,2026-02-24
ニッコー,B009SK0FA8,2026-02-24
サンカラー,B009X419L8,2026-02-24
ばんのう酵母くん,B009XP06V6,2026-02-24
ダイケイ産業,B00A1OQ9GO,2026-02-24
谷口楽器,B00A2M3RAG,2026-02-24
5 ZIGEN,B00A2NWGZ2,2026-02-24
仏縁堂,B00A3I2F0M,2026-02-24
モリンダジャパン,B00A7EYWTY,2026-02-24
Griffin,B00A7K7FN8,2026-02-24
お米プラザ新潟,B00A8VWIRE,2026-02-24
Petits Anges,B00AA67SDQ,2026-02-24
エコエコ封筒,B00ACVOLFM,2026-02-24
S.YAIRI(エス.ヤイリ),B00ADCCR9C,2026-02-24
ベルソス(VERSOS),B00ADEHRL8,2026-02-24
カノウ冷機,B00AGQN6P4,2026-02-24
ドリームファームのこだわり米,B00AH58TTW,2026-02-24
KOROGI,B00AHWYU02,2026-02-24
和信化学工業,B00AJAG9LA,2026-02-24
ロックペイント,B00AK3W4O2,2026-02-24
Dominant＆Goldbrokat,B00AM6X3I8,2026-02-24
Key Sounds Label,B00AO069FG,2026-02-24
イオンドクター,B00AO0REX2,2026-02-24
Kitano（キタノ）,B00AOHL27Y,2026-02-24
カナツー (KANATSU),B00AT6MNGE,2026-02-24
大阪ガスケミカル株式会社,B00ATM13RS,2026-02-24
ザ　ミネラルライン,B00B1NZ69K,2026-02-24
マーカコルディア,B00B1Y9UEQ,2026-02-24
ユニット,B00B4TAWYU,2026-02-24
渡部工業,B00B5A42VM,2026-02-24
㈱アステップ,B00B6LKZC0,2026-02-24
MOLLENHAUER,B00B7FAS3Q,2026-02-24
アルソア,B00B8SVENK,2026-02-24
和楽器生活,B00BCLBVTK,2026-02-24
piyoko(ピヨコ),B00BES5WAK,2026-02-24
FFCパイロゲン,B00BGNLAZY,2026-02-24
UNI,B00BHOSBV8,2026-02-24
マーベリック(Maverick),B00BHQ70OA,2026-02-24
官足法,B00BJGATYG,2026-02-24
Nikitea,B00BMIAEQE,2026-02-24
イトーシン,B00BQ4519Y,2026-02-24
富士パックス,B00BQ68BEE,2026-02-24
Light,B00BTWZAEO,2026-02-24
アルケア,B00BVQYESG,2026-02-24
Tokyo Music Supply,B00C129IGM,2026-02-24
HOKUTO,B00C4B2B4G,2026-02-24
Larsen Strings,B00C583O1M,2026-02-24
ルート産業(Routsangyou),B00C92UKZM,2026-02-24
照姫,B00CB7NW96,2026-02-24
farska(ファルスカ),B00CBR1DMO,2026-02-24
Logjam,B00CBW6A4K,2026-02-24
ハリケーン,B00CBW9SVW,2026-02-24
Filemaker Inc.,B00CHHDZFG,2026-02-24
2nd Factor,B00CL53HOS,2026-02-24
日本製紙,B00CL7160S,2026-02-24
ベッセル(VESSEL),B00CLMP4J2,2026-02-24
WEIPAI,B00CMDJ3J2,2026-02-24
MITSUUMA(ミツウマ),B00CQJW3AI,2026-02-24
セルスター(CELLSTAR),B00CRWTPNM,2026-02-24
インターグロー,B00CSKUZQO,2026-02-24
ヤーガー,B00CUSR1NO,2026-02-24
Meau(エムオー),B00CW9AE0S,2026-02-24
NUVOBand,B00CWY19TS,2026-02-24
徳間ジャパン,B00CXVGS0K,2026-02-24
財宝,B00CY5IFYW,2026-02-24
大成農材,B00D2KW89G,2026-02-24
みのる産業,B00D38XETU,2026-02-24
ブロリコ,B00D3DEWAU,2026-02-24
福農産業(Fukunousangyou),B00D4L7KLE,2026-02-24
信越化学工業,B00D7BA2AW,2026-02-24
八ツ矢工業(Yatsuya),B00DAMYRCM,2026-02-24
サカエ,B00DDF60Y4,2026-02-24
SPARKY,B00DDKWFV6,2026-02-24
napnap(ナップナップ),B00DH6BN8W,2026-02-24
ジェフコム(Jefcom),B00DQJA3TK,2026-02-24
skyrich,B00DRR3HBW,2026-02-24
TRISTAR'S,B00DT03HYE,2026-02-24
XAct Tone Solutions,B00DUYKJ5O,2026-02-24
Hanalei,B00DWY72L6,2026-02-24
スーパーナット(SUPER NATTO),B00DZG5YVG,2026-02-24
大岡紫山,B00E02P5SG,2026-02-24
大岡紫水,B00E03WKHY,2026-02-24
genesisshop,B00E4JG4KI,2026-02-24
ミキプルーン,B00E5WO320,2026-02-24
Wapik,B00E9NXKM4,2026-02-24
Lawrence Marine Products,B00EBNJSM8,2026-02-24
SST,B00EFJ6RFY,2026-02-24
ピーコック(Peacock),B00EIA78NU,2026-02-24
コダマ樹脂工業,B00EK5J3PE,2026-02-24
三菱電機(MITSUBISHI ELECTRIC),B00EN9JN0M,2026-02-24
TRIAL,B00ENAX7CG,2026-02-24
PERANTUCCI(ぺラントゥッチ),B00ENZSRSK,2026-02-24
昭和電工建材,B00EUQTW90,2026-02-24
アイアグリ,B00EURDZYC,2026-02-24
アーガイルディッシュ,B00EW6S5IW,2026-02-24
ノルバサン,B00F2BQH86,2026-02-24
アイマジック,B00F3WCOVI,2026-02-24
コミー,B00F5P2B48,2026-02-24
ストレッチポール,B00F9VW8R8,2026-02-24
ディリゲント,B00FDN3TBQ,2026-02-24
Ergo Play,B00FGKLMD8,2026-02-24
DuPont,B00FGR2BC2,2026-02-24
環境大善,B00FLPFJHS,2026-02-24
長谷川電機工業株式会社,B00FZL677Y,2026-02-24
Accutronics,B00FZZQY9G,2026-02-24
FKマッシモ,B00G0P78UY,2026-02-24
(株)太鼓センター,B00G3SG9FS,2026-02-24
イメージエポック,B00G6BYWGA,2026-02-24
OPENKEYS RECORDS,B00G9WAWDS,2026-02-24
神鳴(KAMINARI),B00G9Y3GBG,2026-02-24
A.A.A.,B00GBWVJBA,2026-02-24
安永,B00GEB7NWM,2026-02-24
テクノ高槻,B00GEBYUWI,2026-02-24
リトルウィッチ,B00GG5X0YG,2026-02-24
SPULBOY,B00GHMC84Q,2026-02-24
ハウスウェルネスフーズ,B00GIK1ALE,2026-02-24
Woodstone,B00GO399HW,2026-02-24
Dio,B00GPX2SQK,2026-02-24
フジクリーン,B00GQV7UP0,2026-02-24
新鋭工業,B00GSD833Y,2026-02-24
ＧＡＬＡＸ（ギャラックス）,B00GUGWH1S,2026-02-24
FREE THE TONE,B00GV26TX8,2026-02-24
SUNRISE,B00GV6WJ60,2026-02-24
日本緑十字社,B00GWY529M,2026-02-24
Lavrebu,B00GX4JSKU,2026-02-24
planthetsimpel.nl,B00GY2K4DQ,2026-02-24
コニーエレクトロニクスサービス,B00GZERQOI,2026-02-24
パーソナルカラオケ オンステージ,B00H059EL4,2026-02-24
m+(エムピウ),B00H4T4SP8,2026-02-24
富士工業,B00HE4DFDO,2026-02-24
帝塚山ハウンドカム,B00HGSSH0E,2026-02-24
三化工業,B00HIZMBIE,2026-02-24
LARSEN STRINGS,B00HJ13NBQ,2026-02-24
M.A.S.F.,B00HJEYMBS,2026-02-24
アサヒ,B00HKEKQQW,2026-02-24
ヤスナガ,B00HLOE3VA,2026-02-24
FIRE UP,B00HQVFUB0,2026-02-24
ビュッフェ・クランポン,B00HR4H5QO,2026-02-24
アケタ,B00HRRCUNY,2026-02-24
EQ-10,B00HRTFJD0,2026-02-24
KAOTICA,B00HSGBKOY,2026-02-24
メガソフト,B00HV30WI4,2026-02-24
ロジマート,B00HYQD42E,2026-02-24
FIELDOOR(フィールドア),B00I0Q8PSA,2026-02-24
Ａｃｅ ｏｆ ｐａｒｔｓ エース・オブ・パーツ,B00I3X9ABQ,2026-02-24
丸十金網株式会社,B00I4MNOHM,2026-02-24
ニトリート(NITREAT),B00I6VTXZI,2026-02-24
PULSE,B00I9S3YI0,2026-02-24
InnocentGrey,B00IFSRX1I,2026-02-24
ISP Technologies,B00IHSNH5C,2026-02-24
イイスタンダード(E STANDARD),B00IHV40GY,2026-02-24
クロン,B00IKELPMA,2026-02-24
セレクトバランス,B00IN5F3YC,2026-02-24
諏訪楽器,B00IP238R2,2026-02-24
ノエビア,B00IX6L8TA,2026-02-24
三和商事,B00IX6N71M,2026-02-24
STEDMAN,B00IX7HYJM,2026-02-24
ULTIMATE,B00IYFK3UK,2026-02-24
クランポン,B00IYM6GEK,2026-02-24
サンキョウプラテック,B00J29LA2C,2026-02-24
マワ(MAWA),B00J2O9IMQ,2026-02-24
シー・ジー・エス,B00J2Q2ERK,2026-02-24
ロンディーノ,B00J2R8AN6,2026-02-24
ジェイカムアグリ,B00J3MEEX0,2026-02-24
FOXCUP,B00J56R7GK,2026-02-24
コードマスターズ,B00J7FH412,2026-02-24
日清オイリオ,B00JIIFVV8,2026-02-24
大成製作所,B00JJJAA9Y,2026-02-24
イーアンドケー(E&K),B00JO5Z9EE,2026-02-24
コスメ堂,B00JQV650S,2026-02-24
RogerMayer,B00JRYGS1U,2026-02-24
誠兵衛,B00JYS0ZZ4,2026-02-24
田中米穀,B00K2UKLOS,2026-02-24
Double Bubble,B00K3X2660,2026-02-24
宇崎日新,B00KBK5FYK,2026-02-24
MPN,B00KBKG0V2,2026-02-24
BP,B00KBNR9LO,2026-02-24
TD,B00KCGDVZS,2026-02-24
NAS-RESCUE,B00KHNVFLS,2026-02-24
カーピカル,B00KHOHWWS,2026-02-24
OHASHI,B00KKCEQLW,2026-02-24
エクスペリエンス,B00KLVCZ2O,2026-02-24
トムクラウン,B00KNSJI84,2026-02-24
ストライダー,B00KP44B7Y,2026-02-24
ティンアロイ,B00KPPMOEA,2026-02-24
アスタリズム,B00KU9A88K,2026-02-24
Mosrite,B00KYIT9DW,2026-02-24
ミドリ安全(Midori Anzen),B00L3YYY0E,2026-02-24
LIGHT,B00LAPYD1Q,2026-02-24
エンドレス (ENDLESS),B00LDJUZHK,2026-02-24
Valente,B00LGMKNSK,2026-02-24
ANTARI,B00LIXEVLW,2026-02-24
ブロッコリー,B00LM0Q40M,2026-02-24
NEXTEC,B00LO39KY4,2026-02-24
民族楽器トーザイ,B00LQU4G1M,2026-02-24
BARGE / バージ,B00LSB0IEI,2026-02-24
ペットの水素水,B00M787PLU,2026-02-24
オオサワオカリナ,B00MB4D6MC,2026-02-24
プロケーブル,B00MMFKA1U,2026-02-24
アイポッシュ,B00MNIMJKG,2026-02-24
GeneLife,B00MPBU3XG,2026-02-24
淡麗プラチナダブル,B00MUDX0UM,2026-02-24
日本コロムビア,B00MXX8BZ8,2026-02-24
Uruers,B00MZR0S12,2026-02-24
サビキラープロ,B00N3MZ4LC,2026-02-24
鈴木油脂工業,B00N3N0H40,2026-02-24
アトムハウスペイント,B00N3NHK54,2026-02-24
SKYSONIC,B00NBO3SNS,2026-02-24
ランティス,B00NHL2PXO,2026-02-24
新生産業,B00NYH69NI,2026-02-24
3rdEye,B00O4RJSKS,2026-02-24
Sdi Fantasia,B00O4UISF6,2026-02-24
サンダイヤ,B00O4UKH28,2026-02-24
ノボル(noboru),B00O7I3XAA,2026-02-24
加賀クリエイト,B00O8RMBMG,2026-02-24
OVERLOUD,B00O8SPRUI,2026-02-24
おもしろ名札工房,B00O9KWO8I,2026-02-24
三英,B00OASTYNC,2026-02-24
Genb(玄武),B00OGTY3AE,2026-02-24
インターフェース工学株式会社,B00OGUAE1A,2026-02-24
吉澤(Yoshizawa),B00OK33KV4,2026-02-24
KENT ARMSTRONG PICKUPS,B00OOJE5RC,2026-02-24
ダイドーハント,B00OPYDB76,2026-02-24
mid-fi electronics,B00OTBXSXM,2026-02-24
Posta,B00OXPP3FK,2026-02-24
スタイルクレア,B00OZ4H8XY,2026-02-24
SOUND KING,B00P60MF8E,2026-02-24
RSバークレー,B00P6346MY,2026-02-24
Vermona Engineering,B00PFE2FWC,2026-02-24
caseable,B00PHEAKJ0,2026-02-24
Janome,B00PI53WOS,2026-02-24
リビングアウト(Living Out),B00PJG2LEI,2026-02-24
マルイ鍍金工業,B00PUK9USS,2026-02-24
Colorful-UK,B00Q1N1NVK,2026-02-24
盛光,B00Q4PDUA2,2026-02-24
サンテプラス,B00Q6NK0W8,2026-02-24
ART MUSIC,B00Q8GFVB8,2026-02-24
Doepfer,B00QGI2G48,2026-02-24
Eden,B00QLHVN2A,2026-02-24
カンツール(Kantool),B00QQ56LI8,2026-02-24
SOLOMON MiCS,B00QRGFY7U,2026-02-24
NIHON,B00R10Y9GS,2026-02-24
Mitsubishi,B00RX58A7U,2026-02-24
グリーンフィールド(greenfield),B00S66FGZE,2026-02-24
グリーンフィールド,B00S66FO42,2026-02-24
TV Jones,B00SE618J4,2026-02-24
プロファクト(Profact),B00SKMDOX0,2026-02-24
radiant,B00SNWTUBM,2026-02-24
VOCU,B00SNYFJNS,2026-02-24
Harrison Hurtz,B00SQX3OO2,2026-02-24
D.BONADE,B00SQX3REO,2026-02-24
RUNWALK(ランウォーク),B00SW82VYA,2026-02-24
象印チェンブロック(Elephant Chain Block),B00SXQAHLK,2026-02-24
大王製作所,B00SY99LYU,2026-02-24
Lefima,B00T2H3CC0,2026-02-24
WELLNESSWALKER(ウェルネスウォーカー),B00T5MARCU,2026-02-24
dutis,B00T6XB4H0,2026-02-24
Vivace,B00TIFX4AQ,2026-02-24
AriaProII,B00TO5JMZG,2026-02-24
セブンエステ,B00TO5OVCU,2026-02-24
ゼブラ(ZEBRA),B00U21HTAQ,2026-02-24
Campers Collection,B00U3C67DY,2026-02-24
冷えずきんちゃん,B00U5GNI44,2026-02-24
ネグロス電工,B00U645U1O,2026-02-24
CS(シーエス),B00UA12502,2026-02-24
シェルパ,B00UA19XI4,2026-02-24
国華園,B00UF95MMC,2026-02-24
プロマネージ (PROMANAGE),B00UH9ADEM,2026-02-24
ODYSSEY(オデッセイ),B00UHLNGT4,2026-02-24
ONKODO,B00UHUJUZE,2026-02-24
bam,B00UJ8YGO4,2026-02-24
honeybee,B00UJA1GQ8,2026-02-24
ミルク本舗,B00ULHPU0W,2026-02-24
ayur-chair,B00UWNBCZC,2026-02-24
タチバナ製作所,B00UYM0342,2026-02-24
TGL,B00V4JBI5W,2026-02-24
VISUAL SOUND,B00V4ORKY0,2026-02-24
Aprica(アップリカ),B00V9EJ7TG,2026-02-24
waves,B00VOMXD3E,2026-02-24
ウェーブス,B00VON1D3K,2026-02-24
日工(Nikko),B00VT5PUG4,2026-02-24
フジクリーン工業,B00VUC4WTC,2026-02-24
lightdow,B00VZYR2LA,2026-02-24
ALIVE,B00W4TT1KK,2026-02-24
ゼンスイ,B00W6I9A28,2026-02-24
TM-SQUARE,B00WFRFFWO,2026-02-24
Rim(リム),B00WG0FHIM,2026-02-24
Taisamlu,B00WSK8HJQ,2026-02-24
南榮工業(Nan-a Corporation),B00X78Q54M,2026-02-24
Mojo Hand Fx,B00XMUNTU8,2026-02-24
Yogibo(ヨギボー),B00XXFFFNQ,2026-02-24
EM生活,B00Y7PWSPY,2026-02-24
simplehuman (シンプルヒューマン),B00YBY95QQ,2026-02-24
G.H.HURT & SON,B00YR16KCA,2026-02-24
ナチュラルペットフーズ,B00Z5TSJYU,2026-02-24
三ツ星貿易,B00ZEDP0HQ,2026-02-24
アサヒピアノ(Asahipiano),B00ZKE79DM,2026-02-24
高須産業,B00ZL2S6KS,2026-02-24
Asia-kobo by ELENENTS (アジア工房byエレメンツ),B00ZQKQ4T0,2026-02-24
山金工業,B00ZT92T56,2026-02-24
メルスモン製薬,B010EK7SCI,2026-02-24
Sibata,B010M6C28Y,2026-02-24
ルリカ,B010S8PIAK,2026-02-24
エルグスト,B011HXABG6,2026-02-24
GROVER,B011ZXMHLK,2026-02-24
ホートク,B012ADKPPO,2026-02-24
Acoustic Percussion,B012D7U46C,2026-02-24
Flying Dog,B012P7PHSK,2026-02-24
ハイスト,B013110ZG8,2026-02-24
富士工業(Fuji Kogyo),B013447IG2,2026-02-24
Kopeme,B01390SMGQ,2026-02-24
Andoer*a,B013E007LY,2026-02-24
トコちゃんベルトの青葉,B013S6J0VM,2026-02-24
baby.e-sleep(ベビーイースリープ),B0143X5CIO,2026-02-24
ロックスター・ゲームス,B0148B9PM0,2026-02-24
シート屋.jp,B014LHKT6W,2026-02-24
Juza Field Gear（ジュウザ・フィールドギア）,B014QC7XQQ,2026-02-24
髪風船,B014QVR8TO,2026-02-24
森友通商,B014R500FS,2026-02-24
きょうさいみ 京菜味のむら,B014S4EX9M,2026-02-24
ツバメランドセル,B014VZ9U9G,2026-02-24
日東工業(NiTO),B015W6SWGK,2026-02-24
Grass Roots グラスルーツ,B015X7HZOI,2026-02-24
マーガレット　ゴールド,B015XD2DTO,2026-02-24
コンフォート,B015XOOSOQ,2026-02-24
DURO(デューロ),B015Z307R2,2026-02-24
A.P.D.C.,B0169JALM2,2026-02-24
手作りハーモニカホルダー,B016BWXJ2Q,2026-02-24
CABLECRAFT 音光堂,B016K0BJVM,2026-02-24
BAGS,B016MQZ5A0,2026-02-24
渡部信一氏,B016Q3NUR4,2026-02-24
ジーンクエスト ALL,B016QN62VK,2026-02-24
Cosmic record,B016VYE6R6,2026-02-24
チャイルドヴィーイクルズ,B0175URHSK,2026-02-24
Ewbob,B0179BKEFI,2026-02-24
三ツ星ベルト(MITSUBOSHI),B017D66WCS,2026-02-24
Tenshi no Tamago（天使の卵）,B017DGZ8BY,2026-02-24
ポーペ(POOPE),B017JPZX1Y,2026-02-24
ORCAS,B017M2PJCC,2026-02-24
アルプス,B017VWU9G4,2026-02-24
Valve,B017WHPVT8,2026-02-24
ソルマック,B01877FDYU,2026-02-24
米須三線店,B018DK03GO,2026-02-24
クリーンテックス(Kleen-tex),B018RX9XL8,2026-02-24
パシーマ,B018V8741U,2026-02-24
テモイ,B018VED2MO,2026-02-24
ソコレックス,B018VJ3P2G,2026-02-24
Music Maker,B018YS08OM,2026-02-24
TOKAIZ,B0194WWOYE,2026-02-24
Super Light,B01965JITS,2026-02-24
OKNY TOOLS　Original,B019CM86IY,2026-02-24
IUSOT,B019ET49UY,2026-02-24
エンドー,B019F10PV8,2026-02-24
引越資材プロショップ,B019ORZ92I,2026-02-24
Caffè Musetti,B019VVYOL4,2026-02-24
ジーアンドユー(G&Yu),B01A2E0X64,2026-02-24
ロイヤル通販,B01A6LVTQQ,2026-02-24
㈱アイネット,B01ALIV2Q6,2026-02-24
Spectrasonics,B01AQM0BRI,2026-02-24
デッドニング・防音工房,B01AQPJ216,2026-02-24
KUS,B01ASW89WA,2026-02-24
musedo,B01ATC6EFI,2026-02-24
video game,B01AWWZU3C,2026-02-24
タキロン,B01B11GNIE,2026-02-24
ユシロ,B01B2OTTD6,2026-02-24
富士電機機器制御,B01BDG2M9Q,2026-02-24
第一ビニール,B01BGLOSSQ,2026-02-24
Transderma(トランスダーマ),B01BGMABBI,2026-02-24
KITAJIMA(北嶋製靴工業所),B01BOLFT8G,2026-02-24
オギハラ,B01BTHR078,2026-02-24
C.C.シャイニー,B01BYBDL90,2026-02-24
日産化学工業,B01C45NTV0,2026-02-24
クイックアート,B01C6MRHPA,2026-02-24
田庄,B01C8B8SM0,2026-02-24
ワイルドウィング(Wildwing),B01CCE1SDE,2026-02-24
On Hand Software,B01CEZR1BE,2026-02-24
ココロコ,B01CLEU2PU,2026-02-24
FACTORHYTHM,B01CQ8TSQ0,2026-02-24
Sunabe,B01CQA5YI4,2026-02-24
中西産業,B01CSAFWDE,2026-02-24
ブルズアイ,B01D2XVC26,2026-02-24
ノガ・ウォーターズ(Noga Waters),B01D4ESOM4,2026-02-24
埼玉福祉会,B01DBGHYF8,2026-02-24
富士インパルス(FUJIIMPULSE),B01DCVJMNO,2026-02-24
TOKYO FUJI,B01DIPDAF0,2026-02-24
Meiji Seika ファルマ,B01DIQW2BW,2026-02-24
RICOH,B01DK6B5WC,2026-02-24
日高ウエスタンファーム,B01DLKDK7K,2026-02-24
丸和バイオケミカル(MBC),B01DNVWX7A,2026-02-24
マキテック,B01DOV6KKU,2026-02-24
Aterm,B01DX0H1GE,2026-02-24
B.AIR,B01DYATOWM,2026-02-24
フルノ(Furuno),B01E846SJU,2026-02-24
スターフィッシュ,B01E9UVFDC,2026-02-24
Sun Ruck,B01EAG5D3I,2026-02-24
ジェイディレーザー(JD Razor),B01EH35GQS,2026-02-24
中島産業,B01EQWBMP4,2026-02-24
未来工業,B01F8EUUZW,2026-02-24
Goodrich Sound,B01FMZZ33G,2026-02-24
ポイント,B01FQCU6W8,2026-02-24
LOVE&ART,B01FQWHBYE,2026-02-24
Dream Sticker,B01FSV6NF6,2026-02-24
森乳サンワールド,B01FX98DL0,2026-02-24
中西産業(Nakanishi Industrial),B01G1HJMFO,2026-02-24
MASSIVE,B01GFIQ0KO,2026-02-24
Marantz Professional,B01GHUA3XA,2026-02-24
INAHO,B01GJ6JODM,2026-02-24
ASUWELL(アスウェル),B01GQAB0BK,2026-02-24
IDジェット,B01GT3IH7E,2026-02-24
クラーク(Clarke),B01H0G63YS,2026-02-24
"エヴァ・ピラッツィ E,A,D,G線セット 3/4-1/2",B01H1J5QGU,2026-02-24
ifam,B01H6GXGAQ,2026-02-24
ベッドスプレッドハウス,B01HFX9EMO,2026-02-24
三基商事,B01HGB8B06,2026-02-24
Augustin / VLM,B01HHJ6U1Y,2026-02-24
ポノ(Pono),B01HJDN3B8,2026-02-24
Forestway,B01HNIEKWK,2026-02-24
矢崎,B01HNOL7DO,2026-02-24
WaveDNA,B01HXM5ETO,2026-02-24
はつらつ堂,B01I0R2KES,2026-02-24
MOEN,B01I50ZATW,2026-02-24
COREFORCE,B01ID3YB7I,2026-02-24
enhong,B01ISJ1R06,2026-02-24
ハヤミ工産(Hayami Industry),B01JA9LMKS,2026-02-24
昭和シェル石油,B01JRPKM7Y,2026-02-24
クローバー電子,B01JRTO1V8,2026-02-24
DR,B01JTVTH4U,2026-02-24
あざらしそふと,B01K9M6Y4Y,2026-02-24
粟国の塩,B01KBF40XG,2026-02-24
KC,B01KNZV9JW,2026-02-24
Kung Long,B01KQ6YMQU,2026-02-24
コスモ石油株式会社,B01KYMMMR2,2026-02-24
nmx,B01KZ25UPC,2026-02-24
MEEGEEM,B01L19JM2U,2026-02-24
Bearfoot,B01LCI0HKG,2026-02-24
Renfrew Hockey Tape,B01LMHNEJS,2026-02-24
シナノトレーディング,B01LW1BPMZ,2026-02-24
Koyo,B01LXAGZ5C,2026-02-24
Blue-G,B01LXPDF9O,2026-02-24
Logicool G(ロジクール G),B01LYI06RT,2026-02-24
Nonaka,B01M04UTKB,2026-02-24
CLASSIC PRO,B01M3R16XP,2026-02-24
業務用冷凍庫,B01M662F39,2026-02-24
パナソニックエイジフリーライフテック,B01M6V2TAB,2026-02-24
dramaticcreate,B01M9CYBRI,2026-02-24
sunsery,B01MATFSNK,2026-02-24
LOSKA,B01MAXM41J,2026-02-24
宇宙村,B01MCUF786,2026-02-24
Corel/コーレル,B01MDPY444,2026-02-24
Sonnenstrick,B01MG520W6,2026-02-24
デニスウィック(Denis Wick),B01MQH1J5N,2026-02-24
DENSO　WAVE,B01MQI8C5I,2026-02-24
STARPLATINUM（液晶テレビ壁掛け専門店）,B01MQSVX4A,2026-02-24
Suzuki,B01MRLFEPC,2026-02-24
L',B01MSTP05M,2026-02-24
ワンウィル,B01MTZPJ3G,2026-02-24
池田レンズ工業,B01MXNVU0M,2026-02-24
G.H.HURT&SON(ジーエイチハートアンドサン),B01MXVUPML,2026-02-24
【Hilax】,B01MY74LZ7,2026-02-24
ワールドウォーク(World-walk),B01MZ3SXM3,2026-02-24
中村(Nakamura),B01N1G2A90,2026-02-24
ARC'TERYX LEAF,B01N1I3YD5,2026-02-24
SONY(ソニー),B01N1T8L5N,2026-02-24
UVI,B01N2AFVI1,2026-02-24
株式会社MUTECH,B01N2VJIB3,2026-02-24
オルカス,B01NB7SU6H,2026-02-24
Dairei,B01NGZQVW8,2026-02-24
Panavise,B06VX59J21,2026-02-24
AJW,B06X1DHLX2,2026-02-24
クリナップ(Cleanup),B06XBH3NSD,2026-02-24
Kemiuu,B06XCB18JL,2026-02-24
handyman,B06XPGDQZ4,2026-02-24
Valve(販売元デジカ),B06XRR6BXW,2026-02-24
栄工業,B06XRZPPZX,2026-02-24
オプトエレクトロニクス,B06XSXBFGZ,2026-02-24
トウリ(Toli),B06Y24T2S7,2026-02-24
TAGO STUDIO(タゴスタジオ),B06Y438C1G,2026-02-24
神子島製作所,B06ZXWZ2RK,2026-02-24
MUSOO,B07122Z8CR,2026-02-24
SCUD,B071922D26,2026-02-24
プロライン,B071G6NJ28,2026-02-24
北恵,B071XX69T3,2026-02-24
プロモート,B0725KK4GS,2026-02-24
トレースエリオット (Trace Elliot),B072MGHJN7,2026-02-24
リトルプリンセス,B072TS6S7H,2026-02-24
Suhr Guitars,B07338MD52,2026-02-24
日本文化センター,B073F64FBQ,2026-02-24
madras MODELLO(マドラスモデロ),B073RD43HS,2026-02-24
ゼスト (ZEST),B073TBRTHN,2026-02-24
be worth style,B073TSZY2P,2026-02-24
ミヤコ(Miyaco),B073WWG9MY,2026-02-24
ANDAMUL,B074CK86Q7,2026-02-24
ビビー(Vivie),B074DCQM16,2026-02-24
Tusuny,B074HZKP5K,2026-02-24
KTS,B074M73TPG,2026-02-24
タイセイ(TAiSEi),B074P2SWLJ,2026-02-24
アルボナース,B074P44NG8,2026-02-24
3DIO,B074WHT2SQ,2026-02-24
ミヤコ,B075B6Q2ZK,2026-02-24
HoneyBee,B075D4MGS3,2026-02-24
Diezel,B075FLVXRL,2026-02-24
Temple Audio Design,B075SFSYK7,2026-02-24
トザックス,B0761KVTG2,2026-02-24
聞琳竹細工屋（BENLENTAKIZAYIKUYA),B0766Y4S79,2026-02-24
Effects Pedal Power Supplies,B0768M2HGY,2026-02-24
ビィ・ナチュラル,B076F2NPM9,2026-02-24
Winco,B0773S2V6R,2026-02-24
クリロン化成,B07786117J,2026-02-24
CONSOLE TUNER,B077MLHBM6,2026-02-24
WEISI,B077W3Y6XH,2026-02-24
栃木レザー,B077XQXSBH,2026-02-24
Hitbox,B078GBDZX6,2026-02-24
Rob Papen,B078HT7T3V,2026-02-24
サムライプロデュース,B078T8YJJF,2026-02-24
インターエム(Inter-M),B079DCW5VX,2026-02-24
クリングオン(Cling On),B079H4TVH5,2026-02-24
Marsauto,B079L49N9P,2026-02-24
オガ電子(Ogadenshi),B079NSHWV8,2026-02-24
LEGO Education,B079Q5Z79Y,2026-02-24
ネルコンシェルジュ,B079WSDY4C,2026-02-24
Sekonic,B079ZFJJLM,2026-02-24
BIOSONICS,B07BCYQZ1G,2026-02-24
TubeDepot,B07BHV2KRF,2026-02-24
高崎だるま,B07BHWQZ8Q,2026-02-24
Fireshine Games,B07BWYK7CS,2026-02-24
VITAL AUDIO,B07BZLN2X7,2026-02-24
Grindmaster Crathco,B07CG99CWZ,2026-02-24
pecolo(ペコロ),B07CNPVJNK,2026-02-24
Leqtique,B07CQZGK55,2026-02-24
カドリー,B07D1KKHB2,2026-02-24
rolls,B07D7GYF3V,2026-02-24
PRESAGE(プレザージュ),B07D7H2XXQ,2026-02-24
アサヒ軽金属,B07DCL5N5S,2026-02-24
NSK,B07DHMJVL3,2026-02-24
ツボ万(Tsuboman),B07DS4BLW6,2026-02-24
MOZA,B07DVTMBJ9,2026-02-24
BARE KNUCKLE PICKUPS,B07DX8STJX,2026-02-24
Skybound Games,B07DXSK51X,2026-02-24
HARUKAZE,B07F732YRY,2026-02-24
Bigben,B07F8M1BFV,2026-02-24
明治ステップ,B07FCR7KC3,2026-02-24
Gearbox Software,B07FF4X2RT,2026-02-24
ITS,B07G7HLC7N,2026-02-24
BEICHI,B07GJTF717,2026-02-24
天龍(Tenryu),B07GP5KXZ4,2026-02-24
アルプススチール,B07GZVRKFL,2026-02-24
プリンシプル,B07H5FCJBV,2026-02-24
イスカ(Isuka),B07HH2BH27,2026-02-24
日本ケミコス株式会社,B07HL6HHKG,2026-02-24
富士達,B07HQ6JN88,2026-02-24
ARANJUEZ,B07J1TT8DT,2026-02-24
ゼット・オー(Zo),B07J631FJ8,2026-02-24
電池屋,B07JHXVBCF,2026-02-24
"YEONIL TEX.,co.",B07JWB1NPQ,2026-02-24
BAIKAL,B07JZ3RCQ7,2026-02-24
システムAV,B07KD8WCW5,2026-02-24
アルティエリ(Altieri),B07KY7MJKG,2026-02-24
ペディ(Pedi),B07M7VNPYY,2026-02-24
NJK,B07MCBBXGT,2026-02-24
竹元産興,B07MG7NJW8,2026-02-24
サラヤ,B07N8N8VGD,2026-02-24
Kala Brand Music Co.,B07NDPYTWY,2026-02-24
animacolle,B07NWJXP6F,2026-02-24
JoRal,B07NYWK89H,2026-02-24
Rising Star Games,B07P2H9WC6,2026-02-24
FireHoseDirect,B07PF1CC6H,2026-02-24
Limetone Audio,B07PTNWZJ3,2026-02-24
富士ゴム産業株式会社,B07PXSF8R8,2026-02-24
MWM,B07QN72D34,2026-02-24
東洋リビング,B07QNHXPT5,2026-02-24
ディーアイシー(DIC),B07QPSNHV4,2026-02-24
iMel,B07QV5GFMC,2026-02-24
JAPANNEXT,B07QX9XG6S,2026-02-24
ゴルドー(Goldo),B07QXW8QQ6,2026-02-24
SYNYEY,B07R1D4XYL,2026-02-24
やさしい靴工房 Belle & Sofa,B07R43JJ8V,2026-02-24
大和物産(Daiwa Bussan),B07RC9BB1L,2026-02-24
看板ショップKARIN,B07RT9P5W3,2026-02-24
Easylife,B07RW5LPRS,2026-02-24
Prolife,B07RZ5Y6FZ,2026-02-24
Technics,B07S2JY9DH,2026-02-24
コニシス,B07SPD9L6F,2026-02-24
PELTECH,B07T2YFZYK,2026-02-24
トヤマ楽器,B07TFDDWMH,2026-02-24
Hitachi-LG Data Storage,B07TJJ7JR8,2026-02-24
TIGORA(ティゴラ),B07TLSFMXB,2026-02-24
aswill,B07TP56MVY,2026-02-24
大和物産,B07V55VW1S,2026-02-24
VOLREX,B07VCM561J,2026-02-24
NOE,B07VK5QRNY,2026-02-24
BURTLE,B07W5M6P38,2026-02-24
Origin Camp,B07WCTZ87N,2026-02-24
Kluson,B07WJYXTRN,2026-02-24
Infun,B07WRDTBSM,2026-02-24
フライトウクレレ(Flight Ukuleles),B07X26Z4DD,2026-02-24
小川(Ogawa),B07X4W425Z,2026-02-24
KONIG(コーニック) (KONBJ),B07X91R5P5,2026-02-24
Bare Knuckle Pickups,B07XL4PRJN,2026-02-24
ピラストロ(Pirastro),B07XLQDXRG,2026-02-24
マメてりあ,B07Y2VQKCT,2026-02-24
L'ATELIER DE,B07Y5FGSB6,2026-02-24
コーラス・ワールドワイド,B07YDQZR2Z,2026-02-24
メディアスケープ,B07YSNPZY3,2026-02-24
FIVE STAR,B07Z8J2CHC,2026-02-24
TOKYOTOON,B07ZD6R778,2026-02-24
RiotSound,B07ZLV6KZL,2026-02-24
Kyostar,B08133DZXG,2026-02-24
プリモ(Primo),B081GQ591J,2026-02-24
Easy tool,B0825L9588,2026-02-24
賈船(Cosen),B082CRZKBV,2026-02-24
Bizzico,B082F45TK5,2026-02-24
Lose,B082FDLHFD,2026-02-24
Aria Guitars,B082KNWY6S,2026-02-24
D BY DADWAY(ディーバイダッドウェイ),B082Q5STHK,2026-02-24
RUUEYOBU,B082Y5FYJ7,2026-02-24
ISSVWO,B0831QNQ6Y,2026-02-24
冨士灯器(Fuji Toki),B083BK3GD4,2026-02-24
サカベ,B083NNJGQ3,2026-02-24
Denon DJ,B083TM9KKQ,2026-02-24
長尾製作所,B083WJL112,2026-02-24
ステップエイト,B08436QRV6,2026-02-24
STRMD(ストームド),B0845FKTMT,2026-02-24
VisualArt's,B084DL1LS8,2026-02-24
スタジオアートディンク,B084DLSG1Q,2026-02-24
金沢車輛,B084VD8V2Y,2026-02-24
ジェックス わんわんカート,B0851DTRK7,2026-02-24
キラキラモンスターズ,B0856331SK,2026-02-24
あおいくま,B08577QJG6,2026-02-24
Merge Games,B085HP93NK,2026-02-24
村内ファニチャーアクセス,B085MRG57Z,2026-02-24
海王,B085ZFM2H3,2026-02-24
NAパブリッシング,B086DSXC36,2026-02-24
ダブル(Double),B086GXRN1X,2026-02-24
日泉ポリテック(Nissen Polytec),B086LPYM7K,2026-02-24
ＣＨＡＭＯＫＡ,B086WCS2PH,2026-02-24
INSTRUMENT_PARTS_AND_ACCESSORIES,B087T7RVRN,2026-02-24
DIGICAM,B087X9J32F,2026-02-24
Geartree,B088SKKJ1B,2026-02-24
角利産業(Kakuri Sangyo),B0899LQJMG,2026-02-24
Celemony Software,B089KMYS6D,2026-02-24
ラッキー工業,B089VM3JKJ,2026-02-24
Onion Games,B08BLZF7LT,2026-02-24
Nobranded,B08BNC6JQN,2026-02-24
JALE(ハレ),B08BRBX9V8,2026-02-24
SAKUGOE(サクゴエ),B08DQZJBJS,2026-02-24
マーマデューク・ミュージック(Marmaduke Music),B08G85JS2Y,2026-02-24
Gegoup,B08HT129WF,2026-02-24
カリーナ,B08HWNGMRX,2026-02-24
music-life,B08HYJXY2H,2026-02-24
KINTO(キントー),B08J9TS5QB,2026-02-24
Aar Enterprises,B08JHDDXQ8,2026-02-24
Iomic,B08JLV3DR6,2026-02-24
バンブーギターズ(Bamboo Guitars),B08KFQPNRP,2026-02-24
マッコイ,B08KGYLG2G,2026-02-24
LeFH-e,B08KVWD4CM,2026-02-24
リス(RISU),B08L39GQH4,2026-02-24
BEEP,B08LDKZYP3,2026-02-24
読むトレGO,B08LGBZJ9K,2026-02-24
コスモM・Sテクノ,B08M9HL4YW,2026-02-24
Onestep,B08PVV5ZZD,2026-02-24
ぱれっと,B08R4HXCFG,2026-02-24
ポリマーギヤ,B08RHR4VDM,2026-02-24
Winserford,B08RP5T56J,2026-02-24
Disaster Area Designs,B08SBJDML6,2026-02-24
グランゼーラ,B08V5X5MKJ,2026-02-24
TOSSオリジナル教材,B08VWS3H6G,2026-02-24
グランドール,B08VWV7XQH,2026-02-24
キクタニ(Kikutani),B08VX3X21L,2026-02-24
ONE STEP,B08X45Q6MB,2026-02-24
Digital Crafter,B08X7M2S9R,2026-02-24
エナジーウィズ(Energywith),B08XPXKRCY,2026-02-24
MUFFIK,B08XZQQZY6,2026-02-24
SLP WORKS,B08ZCSKH4B,2026-02-24
Ui Entertainment,B08ZVPN38C,2026-02-24
Petsupro,B091KW43BX,2026-02-24
PJB（Phil Jones Bass）,B0921YXK83,2026-02-24
Maximum Entertainment,B092LBDTZZ,2026-02-24
スキャンデックス(SCANDEX),B092R6756F,2026-02-24
スージー／SU－ZI,B093VJVYPD,2026-02-24
UYEKI(ウエキ),B094D2M69X,2026-02-24
SEGA FAVE,B094WH8Q7V,2026-02-24
タイガーラック,B095GWD21D,2026-02-24
shinplus,B095NX1YCD,2026-02-24
アデリア(ADERIA),B095R6JG27,2026-02-24
Customize,B095W4N8T2,2026-02-24
R_homme,B095WMWF6G,2026-02-24
ユタカ(YUTAKA),B095WQ54C3,2026-02-24
LEO JAYMZ,B0969SDXBF,2026-02-24
Icando,B096FJ7BC9,2026-02-24
ディライトワークス,B097RMKF5J,2026-02-24
SAIL ADVANCE(セイルアドバンス),B0983FXTDJ,2026-02-24
Sumeriy,B0986ZCK44,2026-02-24
ウェストミンスター エフェクツ(Westminster Effects),B098NSL3NJ,2026-02-24
Westone Audio,B098VWTF7L,2026-02-24
パピー(Puppy),B099DS2BJH,2026-02-24
Hio,B09BF92963,2026-02-24
BITWIG,B09C62DY25,2026-02-24
ピボット,B09DKPWC1P,2026-02-24
Serenity Forge,B09DMPK265,2026-02-24
Coulomb,B09DPCKY4Y,2026-02-24
ジェムドロップ,B09DZ58H2Z,2026-02-24
Ko'Aloha,B09F2GXLHN,2026-02-24
通用,B09FLHQVV4,2026-02-24
Nextorage,B09FLJ3JBV,2026-02-24
ホンデックス(HONDEX),B09FSSDPK5,2026-02-24
Axiom,B09HY2QFX6,2026-02-24
ZOUXO,B09JB7JNMD,2026-02-24
EpicGames,B09JKYYFT5,2026-02-24
BHDK,B09KC5YC3W,2026-02-24
花岡車輌,B09KR9ZJZT,2026-02-24
Koto,B09LF4CGHQ,2026-02-24
双葉電子工業(Futaba Denshi),B09LTH1K5D,2026-02-24
ういんどみるOasis,B09MJJFMDZ,2026-02-24
テザック(Tesac),B09MLCS9PH,2026-02-24
オザックス(Ozax),B09MLY7N6F,2026-02-24
Erkic,B09MVKWFK7,2026-02-24
PETiCO,B09MVW6S1J,2026-02-24
パボーニイタリア(Pavoni ITALIA),B09NDZ8ZYR,2026-02-24
Out Style,B09NJSHTTB,2026-02-24
TAILUO,B09NQY98YX,2026-02-24
Azinol,B09NRVJR38,2026-02-24
NORN(ノルン),B09NXC1WYP,2026-02-24
N\\A,B09QL8F87N,2026-02-24
とりまる,B09R6JKGF7,2026-02-24
GRECELL,B09RB1PYVG,2026-02-24
ARTINOISE,B09RSKFCMZ,2026-02-24
富士工業(FUJI KOGYO),B09S9T7VH3,2026-02-24
NC,B09T37YKLH,2026-02-24
Aksys(World),B09T85HCXP,2026-02-24
GRANMARIE,B09TNPG68T,2026-02-24
BMFF,B09TQNXLYJ,2026-02-24
MOBUS(モーブス),B09VWVTGQJ,2026-02-24
オスマック(Osmac),B09WM8FHP4,2026-02-24
ＫＡＮＡＤＥ,B09X9VLMXY,2026-02-24
ハマヤ,B09XV8BXJ3,2026-02-24
Violety,B09YHN12C7,2026-02-24
Emdem Apparel,B09Z6PGJ7T,2026-02-24
tent-Mark DESIGNS,B09ZH9W52Z,2026-02-24
prize,B0B1LX63LS,2026-02-24
Big Island,B0B3R28QG5,2026-02-24
Tokiso,B0B3SRZBRX,2026-02-24
プロモンテ(PuroMonte),B0B4BRCVJS,2026-02-24
Koei(World),B0B4PS3PJK,2026-02-24
PJB,B0B53LLHH7,2026-02-24
YAWALL,B0B58ZQN51,2026-02-24
Vineen,B0B5C6RKGZ,2026-02-24
W&.Day/Night(ダブルアンド デイナイト),B0B5GJCBXC,2026-02-24
VLANDO,B0B5QJNTRW,2026-02-24
Norepios,B0B7Q66DJB,2026-02-24
Kufany,B0B7RXQ7JR,2026-02-24
曽我製作所,B0B81WN3WS,2026-02-24
ININ Games,B0B8CFCNR7,2026-02-24
Strainia,B0B8QWC4JP,2026-02-24
日晴金属(Nisseikinzoku),B0B8S5DXNP,2026-02-24
ディーエムエムドットメイク(DMM.make),B0B91Z2CYF,2026-02-24
Collision Devices,B0B94HM1WH,2026-02-24
＆MEDICAL,B0B968SWXN,2026-02-24
L.Luthier,B0B96Y99HL,2026-02-24
GASTON LUGA,B0BBMVNFVH,2026-02-24
ラプラシアン,B0BBQKJYPP,2026-02-24
OLMMT,B0BC8K8ZM6,2026-02-24
ミツギロン(Mitsugiron),B0BCJZ943S,2026-02-24
長谷園,B0BCTRK4W6,2026-02-24
BENET,B0BD44STH7,2026-02-24
D＆M,B0BDDFR2RP,2026-02-24
Phoenixx,B0BDRLVR5R,2026-02-24
PICO,B0BDYCV3PQ,2026-02-24
ELEKIT,B0BF8YSTJ6,2026-02-24
VitFly,B0BFJ3JJPB,2026-02-24
N\P,B0BFWQ9GYP,2026-02-24
山一木研(Yamaichi Mokken),B0BGHZQ5CP,2026-02-24
EcoCa,B0BGK8WV2M,2026-02-24
EASTBOY,B0BHDHLXXV,2026-02-24
ErgoGrade,B0BHHLMZNV,2026-02-24
Oiwatbx,B0BHQ4YJLV,2026-02-24
Berpy,B0BHWF34WR,2026-02-24
アルファミック(Alphamic),B0BHWN92LG,2026-02-24
Eletyang,B0BJK7TWTB,2026-02-24
tools life,B0BJKK449N,2026-02-24
INTUITNO Home,B0BJW2KR8N,2026-02-24
福発メタル(Fukuhatsumetal),B0BJZ336DT,2026-02-24
Mademu,B0BK2QP7WY,2026-02-24
その他メーカー,B0BKSQ14TW,2026-02-24
BODY RAJA(ボディー ラジャ),B0BN5D89D6,2026-02-24
KarDiaN,B0BN79LKLY,2026-02-24
COOHEM,B0BNBG531T,2026-02-24
トーヨー,B0BPB7HPDJ,2026-02-24
Beep Japan,B0BQPZ45S1,2026-02-24
信越ポリマー(Shin-Etsu Polymer),B0BR355XQ4,2026-02-24
TTVV,B0BR3K9291,2026-02-24
Bolinker,B0BRXMZ4GW,2026-02-24
MAGNUM POWER,B0BSKZX7KQ,2026-02-24
エディア,B0BSNC7CV3,2026-02-24
I play(アイプレイ),B0BSNWPND7,2026-02-24
MIZUP,B0BSS6NZWP,2026-02-24
ライダー,B0BST7647T,2026-02-24
CCOMPANY LIMITED,B0BT6VZ17B,2026-02-24
キャッスルエンタープライズ(Castle Enterprise),B0BTBCTLBF,2026-02-24
MQ・Duotex,B0BVD272VQ,2026-02-24
HIKSEMI,B0BWGXSZ94,2026-02-24
MAYAMI-Home,B0BWJ8TSSP,2026-02-24
VARNIC,B0BWJSVDFG,2026-02-24
AUSDU,B0BXKJXPWS,2026-02-24
Image-Line,B0BYNZKZ7X,2026-02-24
Pikii,B0BYRQGJH1,2026-02-24
COUYK,B0C1RHDM24,2026-02-24
Leyicy,B0C3CL3JDN,2026-02-24
INSGEER,B0C4M2D2DJ,2026-02-24
LTPRPTS,B0C536CXKX,2026-02-24
シンセーインターナショナル,B0C5C9KZH7,2026-02-24
スクリーンマスカー,B0C5N1BJZJ,2026-02-24
ゴードンミラー(GORDON MILLER),B0C65KDJYZ,2026-02-24
VARIA,B0C69WN6K5,2026-02-24
ダイカ,B0C6M9MLMP,2026-02-24
Bulaned,B0C6TVCB7V,2026-02-24
Life on Products,B0C6XGZVS8,2026-02-24
F.W.A.T,B0C716K2ZT,2026-02-24
ジャニーズ･エンタテイメント,B0C73H287J,2026-02-24
SHINSEGAE I&C,B0C74DXNRC,2026-02-24
Empirical Labs,B0C7LZT6SF,2026-02-24
KIYOMARU,B0C7NG2W7J,2026-02-24
ソネクト オーディオ（Sonnect Audio）,B0C7VM247S,2026-02-24
Tokyo Camp,B0C856WPB3,2026-02-24
ＦＩＮＥ　ＰＡＲＴＳ,B0C8J2KTRY,2026-02-24
KEN JAPAN,B0C9HTLFQ7,2026-02-24
Re:CODE リコード,B0C9M6YMNB,2026-02-24
Diamond Pedals,B0C9PCVB84,2026-02-24
生活グッズラボ,B0C9Z58C5J,2026-02-24
XIM,B0CB8KJMZG,2026-02-24
エムエーパッケージング(MA PACKAGING),B0CB9NKM67,2026-02-24
コア(CORE),B0CBB43DGT,2026-02-24
トラギア(Trgr),B0CBLZBRWK,2026-02-24
MBARE,B0CCD1KJSC,2026-02-24
ガットワークス(Gatto Works),B0CDKN1QWN,2026-02-24
RIGATE,B0CDW6GX8W,2026-02-24
NIIGATA 創燕 SOUEN,B0CDZK5T6T,2026-02-24
Placer,B0CFLKS8Q6,2026-02-24
sharge,B0CFTNMW1W,2026-02-24
スゴいシリーズ,B0CFTW8WDT,2026-02-24
WUQIMUSC,B0CG934C48,2026-02-24
ROWCES,B0CGPZJ77Q,2026-02-24
BUTXET,B0CGVPMT4G,2026-02-24
ミドリ(MIDORI）,B0CGW8SSHZ,2026-02-24
安永エアポンプ,B0CGWMTSST,2026-02-24
スイングボール(Swingball),B0CH7WM7LD,2026-02-24
Bitwig,B0CH9C3W1K,2026-02-24
bibim`,B0CHRKSS5W,2026-02-24
Hudson Electronics,B0CJ5WCRX8,2026-02-24
AVOFOREST,B0CJ96W5RJ,2026-02-24
ビサイド,B0CJ9ZTK9R,2026-02-24
Tozai Games,B0CJDNT4ST,2026-02-24
GARCHEM,B0CJMMBT3P,2026-02-24
Jaerb,B0CJMWN9QD,2026-02-24
GoldenHead,B0CJQFDFM7,2026-02-24
be quiet!,B0CJY2QS2W,2026-02-24
VALVE,B0CKPTN2RN,2026-02-24
WouND,B0CKX4QT7Q,2026-02-24
7 Life,B0CLLDRKGB,2026-02-24
グラッツィオーゾ(Grazioso),B0CLNP2JCB,2026-02-24
N\A,B0CLV22DHR,2026-02-24
FOUNCY,B0CLXJBZX6,2026-02-24
KoKoty,B0CLXM9DZZ,2026-02-24
Xtahdge,B0CM3LRYTC,2026-02-24
MYNVY,B0CMLJQRTY,2026-02-24
Venuspure,B0CN6C5L6B,2026-02-24
PTUWODS,B0CN8PGXTL,2026-02-24
SUN・HARVEST,B0CNJX2QD2,2026-02-24
Mukiya,B0CNTFBS91,2026-02-24
Ophayapen,B0CNVMYFBD,2026-02-24
Wrtsqle,B0CNW1BXDM,2026-02-24
8tail,B0CNXR19JC,2026-02-24
NearStream,B0CP23R9BQ,2026-02-24
AuoKeer,B0CP2BYP48,2026-02-24
IVANKY,B0CP5F3BTH,2026-02-24
スマートキッズベルト,B0CP789DY8,2026-02-24
平インテリア産業,B0CP7CCVB2,2026-02-24
HiMeLE,B0CP7NJG71,2026-02-24
GagalU,B0CPDP6RYK,2026-02-24
SHEERAN LOOPER,B0CPT9PCK4,2026-02-24
アートプリントジャパン,B0CQBZG5CB,2026-02-24
トゥルースリーパー,B0CQFCB3X4,2026-02-24
PowerArQ,B0CQN291R8,2026-02-24
マルサ,B0CQT8MB3Y,2026-02-24
マブラヴ,B0CQXHY9F9,2026-02-24
NIWaq,B0CS8PZ1FD,2026-02-24
FEMORO,B0CSCKZSZ5,2026-02-24
リアルフォース(REALFORCE),B0CSFH4JQM,2026-02-24
PGONA,B0CT1NF8CS,2026-02-24
LOFINKU,B0CT2YNHQH,2026-02-24
Baby Outlaw,B0CT57ZRJ4,2026-02-24
minesto,B0CT95G79C,2026-02-24
篠笛 天柊,B0CTHWR6CC,2026-02-24
ENCORE MALLETS,B0CV3GNQ6M,2026-02-24
サンスマイル,B0CVZPB5Q5,2026-02-24
GiPP,B0CW3CDGZT,2026-02-24
NU-X,B0CW3QMZ4T,2026-02-24
Amilav Collections,B0CWLQNZG7,2026-02-24
DREAMUS,B0CWNDQPPC,2026-02-24
キャティーマン (CattyMan),B0CWNHQM4X,2026-02-24
Reashy,B0CXPL851H,2026-02-24
YJXTXDE,B0CXY79ZGY,2026-02-24
Alliance Arts,B0CY2KHNTC,2026-02-24
Valve Index,B0CY5BQ26J,2026-02-24
Faital Pro,B0CYNPQY8X,2026-02-24
Telic,B0CYP5L1Y3,2026-02-24
Chivertion,B0CYPM9WX1,2026-02-24
TIKALON,B0CYY6KC4T,2026-02-24
静和マテリアル,B0CZ344K15,2026-02-24
Yumcute,B0CZ42948S,2026-02-24
hosi,B0CZ8H37D4,2026-02-24
Ｔｏｏｐ　Ｔａｐｕ,B0CZDV4K1X,2026-02-24
ホワイトラビット,B0CZJSY5KG,2026-02-24
CCSTOYS,B0CZL24Y2J,2026-02-24
CHIZEHO,B0CZQQPRN9,2026-02-24
Sunyedaa,B0CZQXWSTF,2026-02-24
Brighte,B0D17Y2Y75,2026-02-24
Hilander(ハイランダー),B0D1DYJ3YR,2026-02-24
LEONE,B0D1JYN5M4,2026-02-24
ENTRY(エントリー),B0D1R8BTGB,2026-02-24
GIRGBE,B0D1TQFL8W,2026-02-24
XUEQXUE,B0D28B462M,2026-02-24
BESTARO,B0D2C9829C,2026-02-24
YoungMonic,B0D2K4QH26,2026-02-24
DHC-DS,B0D2Q3MVBQ,2026-02-24
MIRAF,B0D34CV1R1,2026-02-24
Cosmic3C,B0D35VCNVK,2026-02-24
Claynel,B0D3XD787N,2026-02-24
SPEEVAL,B0D47BDNYS,2026-02-24
オーエッチ工業(O.H.),B0D4LS7FPT,2026-02-24
TOPAIM ZONTEN,B0D4M3H5FM,2026-02-24
monchéri,B0D4TJ1CL1,2026-02-24
TP5,B0D4V31WV5,2026-02-24
Hushijue,B0D585LZPS,2026-02-24
ShapeSolver,B0D5S9XSRZ,2026-02-24
AIMchair,B0D666NY29,2026-02-24
Laptomo,B0D6BNDDMV,2026-02-24
EXNOA,B0D6GRHF3P,2026-02-24
SKOVENSY,B0D6QMYXM7,2026-02-24
Kimoinsa,B0D6VLX4YW,2026-02-24
SOTSU,B0D7VD9WXK,2026-02-24
BUNGPUNG,B0D7VVRZGN,2026-02-24
Rocket Panda Games,B0D84DRZ3R,2026-02-24
Sound Study Modular,B0D84JXP46,2026-02-24
AquaHorti,B0D8HZRPYD,2026-02-24
JUPEA,B0D8JBY4V6,2026-02-24
XikeStor,B0D9F1FMRN,2026-02-24
GOATRIP,B0D9JYSBRL,2026-02-24
Beemyi,B0D9TFM9NJ,2026-02-24
ケヤキホビー(Keyaki Hobby),B0D9VHND7Y,2026-02-24
GIANTEX,B0D9YP5L9Q,2026-02-24
RAYSING,B0DB5LDMTS,2026-02-24
Libroaria,B0DB6YSXMS,2026-02-24
Supzmg,B0DB7DRJP9,2026-02-24
TOPPING,B0DBPFVTBM,2026-02-24
サポートジャケット,B0DCB78W1P,2026-02-24
decqle,B0DCFT3W3K,2026-02-24
VERSOS,B0DCHYZWVQ,2026-02-24
sainyer,B0DCZD443N,2026-02-24
Viyivwine,B0DD6HK35V,2026-02-24
ブリッツウェイジャパン(Blitzway Japan),B0DDC1LRM9,2026-02-24
STORIA,B0DF2F6V6H,2026-02-24
QBDJHWBT,B0DFCHBL66,2026-02-24
BIRDIE,B0DFCLPGCZ,2026-02-24
MICWELL,B0DFCYQ4WS,2026-02-24
AOIMIRAI,B0DFYC1YZK,2026-02-24
PULIO,B0DG1D67DM,2026-02-24
ケイカンパニー(K-Company),B0DG4S4MY9,2026-02-24
Azamar,B0DG59Q477,2026-02-24
AURORE,B0DGF184ZG,2026-02-24
BIBILAB(ビビラボ),B0DGFY7TMV,2026-02-24
HERFIG,B0DGGDGKQ4,2026-02-24
JPBSTO,B0DGXHT7HC,2026-02-24
ROAR,B0DHQGMS6W,2026-02-24
SHAKA(シャカ),B0DHQL5F3N,2026-02-24
HEADWAY MUSIC AUDIO,B0DHVC9FD2,2026-02-24
toprig,B0DJ73MSV9,2026-02-24
GIGIGET,B0DJ8TY4MP,2026-02-24
JIQIAO,B0DJXPBXLW,2026-02-24
FKPCAM,B0DK4Y66Q2,2026-02-24
DIFIIFOL,B0DK725ZWS,2026-02-24
RISA,B0DK8FS27L,2026-02-24
ConGamefun,B0DKBD8VFC,2026-02-24
DSM & Humboldt,B0DKH8KJ56,2026-02-24
SunRise.Co,B0DKTNSPKT,2026-02-24
SPEEDER,B0DKY38T48,2026-02-24
Techretroplay,B0DM1T29M1,2026-02-24
AIM1,B0DMF3RQMN,2026-02-24
ラムズ(Lamzu),B0DMFBVJQH,2026-02-24
AtomFun,B0DN6B8QVC,2026-02-24
Odencat,B0DNFJZWCG,2026-02-24
Gnieery,B0DNHLL1J3,2026-02-24
NASUTO,B0DNSVLP24,2026-02-24
あみあみ×蝸之殼Snail Shell,B0DNYRFKYV,2026-02-24
CYBER-G,B0DNYW63LB,2026-02-24
筑波産商(ツクバサンショウ),B0DP4BB9RP,2026-02-24
Imspace,B0DP4XM7H2,2026-02-24
ninehills,B0DP95Y2JS,2026-02-24
mongeese,B0DP9STWJN,2026-02-24
SCANDINAVIAN FOREST(スカンジナビアンフォレスト),B0DPPVN4T5,2026-02-24
IKUTANO,B0DPZRVYVH,2026-02-24
WAGY,B0DQCH55DB,2026-02-24
KEEPJOY,B0DQTDHHYX,2026-02-24
AZAKBL,B0DQY1KW83,2026-02-24
Voicease,B0DQZF353D,2026-02-24
パネルラボ,B0DQZPY491,2026-02-24
NICEMAX,B0DR296C8W,2026-02-24
A LITTLE AHEAD,B0DRYD5V4N,2026-02-24
ROSE TECHNICS,B0DSBLS49W,2026-02-24
Solarain,B0DSBR6W8V,2026-02-24
アルフォーインターナショナル,B0DSFT1X11,2026-02-24
BNCF,B0DSFW66Q3,2026-02-24
洗剤のエース,B0DSVQDC2J,2026-02-24
KHEALING,B0DSZQ3WXS,2026-02-24
BIGTREETECH Direct,B0DSZVG6NW,2026-02-24
UOUOMI,B0DT3YLXHJ,2026-02-24
EV KOGYO,B0DT4565B7,2026-02-24
WANBO,B0DTDZJBWS,2026-02-24
SOARFLY,B0DTH3VL1B,2026-02-24
iPLYGAM,B0DTH6KX1W,2026-02-24
Tone weal,B0DTKPTGMD,2026-02-24
Ｌ広場,B0DV4FDVQ9,2026-02-24
BEEP秋葉原,B0DV4ZT86V,2026-02-24
MEAPUXIN,B0DW4CD8FB,2026-02-24
SunHalo Gear,B0DW8BV93N,2026-02-24
WHISMR,B0DW99ZWBL,2026-02-24
J-PREMIS,B0DWK6CPFZ,2026-02-24
Milwaukee(ミルウォーキー),B0DWMKQD9S,2026-02-24
Dungeons & Lasers,B0DWW3PKCF,2026-02-24
ATOTOLIFE,B0DWXPFMPZ,2026-02-24
GARDE STUDIO（ギャルドスタジオ）,B0DX6PMCCQ,2026-02-24
Vifxucy,B0DXB4VBXK,2026-02-24
Gamork,B0DXB559PM,2026-02-24
CNNADA,B0DXV5VX8F,2026-02-24
Hillmoonri,B0DY49419C,2026-02-24
BLACK DOG,B0DYDD3S5R,2026-02-24
Roamifyland,B0DYN9YQ4Q,2026-02-24
UBPET,B0DYNP6LP5,2026-02-24
LYIYI,B0DYP78ZV6,2026-02-24
Sudokoo,B0DYZJYS2H,2026-02-24
Felicita 幸せをカタチに,B0DYZT4RCX,2026-02-24
リリック(Lyric),B0DZWSBFKS,2026-02-24
VIKINYEE,B0F138HBVF,2026-02-24
Monogram,B0F1946S8Q,2026-02-24
18Depot,B0F19F7PY7,2026-02-24
GET'M GET'M,B0F1BBD7VK,2026-02-24
SUPRUIS,B0F1CZW8B4,2026-02-24
First.B,B0F1MYBPFQ,2026-02-24
WXYIHU,B0F1NJZR6M,2026-02-24
U3IPKZ58,B0F1XQ12JC,2026-02-24
Klowra,B0F1ZXJ24Z,2026-02-24
ATOTOEXCEL,B0F24DSPRY,2026-02-24
HiGrace,B0F28LRQZS,2026-02-24
WSS Playground,B0F2YL36S5,2026-02-24
IQUNIX,B0F3JD2VYL,2026-02-24
mVm,B0F3JDHB26,2026-02-24
TiltPlay,B0F3VNWN22,2026-02-24
Tioleje,B0F4WPNPFZ,2026-02-24
MOLLY&CODY,B0F53RZRZX,2026-02-24
FanGamer LLC,B0F59S63H5,2026-02-24
snowygattina,B0F5BTWQTV,2026-02-24
Goodraio,B0F5GKGSGF,2026-02-24
ModRetro,B0F5GYYX5G,2026-02-24
Posybud,B0F5LS8CT2,2026-02-24
Odisei Music,B0F5MSMJCH,2026-02-24
NEOLAB,B0F5WCZ5X4,2026-02-24
賈船,B0F62ZS18Z,2026-02-24
ATOTOOUT,B0F6BVSM8Y,2026-02-24
XMXYFWHCM,B0F6L8QWGJ,2026-02-24
ATOTOMOVE,B0F6N9CFGC,2026-02-24
HAIKUSOUBI,B0F6T7P5CB,2026-02-24
HomeGround,B0F6V6W2VF,2026-02-24
Nighthawk Games,B0F7HC6TNG,2026-02-24
WSYHO,B0F7QVXD1P,2026-02-24
アルファシート,B0F83T1H5S,2026-02-24
AKKPANE,B0F89Z478M,2026-02-24
UYXOERA,B0F8B34NQ2,2026-02-24
WABL,B0F8BBSCYZ,2026-02-24
Torso,B0F8LCWN42,2026-02-24
ミートス(Myethos),B0F8MSV82Z,2026-02-24
ジー・モード,B0F8MW2DSR,2026-02-24
Yineel,B0F8ND5T97,2026-02-24
GAYA,B0F8NLWYFH,2026-02-24
TOMITA,B0F8PLN7W6,2026-02-24
Tbmodel,B0F8VP7327,2026-02-24
BBKD,B0F911S2MY,2026-02-24
Hiviva,B0F917KW3H,2026-02-24
スライドキャリア,B0F99PH2MR,2026-02-24
コア(Core),B0F9CJR6XV,2026-02-24
ロサキキ Rosakiki,B0F9KMSFD7,2026-02-24
shuangbugao,B0F9T2GG5Q,2026-02-24
Neriko,B0F9VQ5CVS,2026-02-24
ReinHoo,B0F9WV4ZWT,2026-02-24
NB ERGONOMIC,B0FB39VJLH,2026-02-24
JetPrintco,B0FBRQXBXN,2026-02-24
Naotico,B0FC1WJZDM,2026-02-24
Ｔｈｅ　ｃｕｂｅｓ,B0FC5XX96C,2026-02-24
LUXURY SCENT(ラグジュアリーセント),B0FC63MMPV,2026-02-24
Getorli,B0FCBK23MS,2026-02-24
Hooha,B0FCLQZ64C,2026-02-24
エイチエムエー(Hma),B0FCRVMQPB,2026-02-24
DesArt(デザート),B0FCXFKBY8,2026-02-24
ECOGREAT,B0FCXYVQ8S,2026-02-24
POSTVI,B0FD7MCPRL,2026-02-24
T&S,B0FD8DKX5S,2026-02-24
U-Caddy,B0FD98JC1P,2026-02-24
SHORE BASE,B0FDBJLCY7,2026-02-24
JONBAG 简·佰格,B0FDH3SN8R,2026-02-24
FunXylophy,B0FDK6TNKX,2026-02-24
SELMER,B0FDKCZQHC,2026-02-24
KINGRID,B0FDL1H78L,2026-02-24
ストレッチングボード,B0FF24C1VV,2026-02-24
IGGPBB,B0FF4QDFBG,2026-02-24
GBZ COVELL,B0FFH8N4DX,2026-02-24
BASNLIFE,B0FFMJ72P5,2026-02-24
Box DesignLab,B0FG2MPL5T,2026-02-24
MEDICOM TOY,B0FG2T24QL,2026-02-24
QEEKADA,B0FGD6NGQJ,2026-02-24
karaku,B0FGP7VXD5,2026-02-24
SIX,B0FGP7W3NJ,2026-02-24
BEELINK EX,B0FGPZDRW9,2026-02-24
Bikevee,B0FGXPGB9V,2026-02-24
ADVINCI,B0FH1KFRTT,2026-02-24
EVERPEAK,B0FH6MXL4H,2026-02-24
ティーレックスエフェクツ(T-REX Effects),B0FH9SCK6Y,2026-02-24
Zericuf,B0FHJ1TW5K,2026-02-24
disoidoe,B0FHJ5DY2L,2026-02-24
ゴッパ(GOPPA),B0FHJQ11VV,2026-02-24
Machuel,B0FHKVTM33,2026-02-24
Matsunaga corporation,B0FJ7DTWZZ,2026-02-24
Marucci Sports,B0FJ98YZ8V,2026-02-24
YANGJIAN,B0FJDN7RBL,2026-02-24
NATURFEN,B0FJF7VHQ6,2026-02-24
LUMINA(ルミナ),B0FJG49SQY,2026-02-24
VoxOasis Studio,B0FK2BGCMH,2026-02-24
PARALLEL CREATES,B0FKFH4LWS,2026-02-24
Adelagnes,B0FKMPL85F,2026-02-24
ESWN DNXB,B0FKMRJQ5S,2026-02-24
OLIVE des OLIVE School(オリーブ デ オリーブ スクール),B0FLJKF6QQ,2026-02-24
Zenva,B0FLPYWVQS,2026-02-24
InfoLens,B0FM3JNPNK,2026-02-24
Hiicam,B0FMRSMJD9,2026-02-24
SUN,B0FMWC4754,2026-02-24
IBW,B0FMXCX8DY,2026-02-24
wvenote,B0FN6VV9Y2,2026-02-24
CATCOOL,B0FNV5FGT2,2026-02-24
Harmonics J,B0FNWPM38Z,2026-02-24
Omiodo,B0FP2DZP6X,2026-02-24
WOKYIS,B0FPB67QBV,2026-02-24
RapAir,B0FPM152R6,2026-02-24
Tukio,B0FPQZ5S2F,2026-02-24
アーク(Arc),B0FPTZKP1X,2026-02-24
IOI,B0FQ5P51FM,2026-02-24
Starinnox,B0FQJQK2C3,2026-02-24
YOCASPO,B0FQNW19QN,2026-02-24
Mersybehe,B0FR42WVR1,2026-02-24
KiloSton,B0FR4J8D19,2026-02-24
JGFDHKY,B0FR55XSCF,2026-02-24
HAVN,B0FR5XTKVZ,2026-02-24
Jakeko,B0FRF3JCL1,2026-02-24
Sequential,B0FS99N1SY,2026-02-24
Le Sapin,B0FSCP7SKY,2026-02-24
SHSASAO,B0FSWH5LRG,2026-02-24
AspRakuFit,B0FTDM2W15,2026-02-24
イザナギゲームズ,B0FTSS5ZV4,2026-02-24
ネクスタ,B0FVDY292F,2026-02-24
RIDEIRON,B0FVRVMCW4,2026-02-24
iEWENi,B0FW5CGBKJ,2026-02-24
LZF,B0FWR62JYH,2026-02-24
Atzone Ginza,B0FWWR3CLM,2026-02-24
LEEZONE,B0FX4GZHR2,2026-02-24
HopeFamily,B0FXQPZD4C,2026-02-24
Snapgear,B0FYFSWCDM,2026-02-24
インテリジェントシステムズ,B0FZKCKYGZ,2026-02-24
LORAK,B0FZKM48Y2,2026-02-24
Mt.SUMI,B0G135NNYZ,2026-02-24
T-fal,B0G1YNQFH5,2026-02-24
KooBaCar,B0G238ZSXP,2026-02-24
CABLAPTOP,B0G2GFL58X,2026-02-24
ChatLOCK,B0G2R1Y7T2,2026-02-24
相田化学工業,B0G3KYD7Y2,2026-02-24
EnerChill,B0G4BQDDZZ,2026-02-24
Lymorvex,B0G4CYD5J4,2026-02-24
TORDER,B0G4LQWPM3,2026-02-24
komgilk,B0G4WML7TL,2026-02-24
ホビーサクラ(Hobby Sakura),B0G5NFTZBW,2026-02-24
Antigravity,B0G6BMYN25,2026-02-24
INART,B0G8DZ4FQ4,2026-02-24
ディーエムエムファクトリー(DMM Factory),B0GCB21LYH,2026-02-24
WOWOBONTOY,B0GJRLQVDL,2026-02-24
キューズQ(quesQ),B0GJXQQXGB,2026-02-24
ソラレイン(Solarain),B0GK5DQNYJ,2026-02-24
Avus Gear,B0GKGDQD3T,2026-02-24
FLAMETOYS(フレイムトイズ),B0GKZSKGS7,2026-02-24
Melody Wings,B0GL1H5Y7C,2026-02-24
CHI,B0GLDZNPWD,2026-02-24
