payoutId,payoutStatus,payoutStatusDescription,payoutDate,lastAttemptedPayoutDate,transactionCount,payoutMemo,amount.value,amount.currency,payoutInstrument.instrumentType,payoutInstrument.nickname,payoutInstrument.accountLastFourDigits
7452056179,SUCCEEDED,Funds sent,2026-04-16T23:33:18.000Z,2026-04-16T23:49:47.519Z,1,"Payout takes 0 to 30 minutes, to arrive depending on your bank",326.34,USD,PAYONEER,PAYONEER,0110
7448303251,SUCCEEDED,Funds sent,2026-04-14T23:26:14.000Z,2026-04-15T00:23:18.296Z,4,"Payout takes 0 to 30 minutes, to arrive depending on your bank",422.16,USD,PAYONEER,PAYONEER,0110
7441700443,SUCCEEDED,Funds sent,2026-04-11T23:21:53.000Z,2026-04-11T23:56:19.750Z,2,"Payout takes 0 to 30 minutes, to arrive depending on your bank",315.68,USD,PAYONEER,PAYONEER,0110
7440053875,SUCCEEDED,Funds sent,2026-04-10T23:16:46.000Z,2026-04-10T23:53:26.441Z,1,"Payout takes 0 to 30 minutes, to arrive depending on your bank",108.13,USD,PAYONEER,PAYONEER,0110
7436883427,SUCCEEDED,Funds sent,2026-04-08T23:33:08.000Z,2026-04-08T23:54:39.325Z,2,"Payout takes 0 to 30 minutes, to arrive depending on your bank",136.2,USD,PAYONEER,PAYONEER,0110
7435248883,SUCCEEDED,Funds sent,2026-04-07T23:31:05.000Z,2026-04-08T00:37:15.231Z,5,"Payout takes 0 to 30 minutes, to arrive depending on your bank",482.36,USD,PAYONEER,PAYONEER,0110
7426084723,SUCCEEDED,Funds sent,2026-04-02T23:28:31.000Z,2026-04-02T23:37:26.457Z,2,"Payout takes 0 to 30 minutes, to arrive depending on your bank",124.33,USD,PAYONEER,PAYONEER,0110
7424553811,SUCCEEDED,Funds sent,2026-04-01T23:21:21.000Z,2026-04-01T23:29:56.151Z,6,"Payout takes 0 to 30 minutes, to arrive depending on your bank",531.8,USD,PAYONEER,PAYONEER,0110
7422552379,SUCCEEDED,Funds sent,2026-03-31T23:20:14.000Z,2026-03-31T23:48:23.357Z,26,"Payout takes 0 to 30 minutes, to arrive depending on your bank",548.14,USD,PAYONEER,PAYONEER,0110
7417074883,SUCCEEDED,Funds sent,2026-03-28T23:17:47.000Z,2026-03-28T23:33:18.080Z,703,"Payout takes 0 to 30 minutes, to arrive depending on your bank",146.16,USD,PAYONEER,PAYONEER,0110
7415520355,SUCCEEDED,Funds sent,2026-03-27T23:22:04.000Z,2026-03-27T23:38:04.629Z,86,"Payout takes 0 to 30 minutes, to arrive depending on your bank",335.69,USD,PAYONEER,PAYONEER,0110
7413926323,SUCCEEDED,Funds sent,2026-03-26T23:27:01.000Z,2026-03-26T23:37:59.714Z,4,"Payout takes 0 to 30 minutes, to arrive depending on your bank",174.76,USD,PAYONEER,PAYONEER,0110
7411642027,SUCCEEDED,Funds sent,2026-03-25T23:20:52.000Z,2026-03-25T23:38:00.335Z,279,"Payout takes 0 to 30 minutes, to arrive depending on your bank",731.58,USD,PAYONEER,PAYONEER,0110
7407708883,SUCCEEDED,Funds sent,2026-03-23T23:31:08.000Z,2026-03-23T23:37:16.781Z,349,"Payout takes 0 to 30 minutes, to arrive depending on your bank",135.05,USD,PAYONEER,PAYONEER,0110
7404158659,SUCCEEDED,Funds sent,2026-03-21T23:22:05.000Z,2026-03-21T23:40:11.196Z,413,"Payout takes 0 to 30 minutes, to arrive depending on your bank",226.74,USD,PAYONEER,PAYONEER,0110
7401044275,SUCCEEDED,Funds sent,2026-03-19T23:25:30.000Z,2026-03-19T23:34:46.929Z,8,"Payout takes 0 to 30 minutes, to arrive depending on your bank",533.06,USD,PAYONEER,PAYONEER,0110
7397876083,SUCCEEDED,Funds sent,2026-03-17T23:27:59.000Z,2026-03-17T23:51:47.358Z,4,"Payout takes 0 to 30 minutes, to arrive depending on your bank",121.12,USD,PAYONEER,PAYONEER,0110
7390451827,SUCCEEDED,Funds sent,2026-03-13T23:24:18.000Z,2026-03-13T23:37:22.581Z,5,"Payout takes 0 to 30 minutes, to arrive depending on your bank",196.54,USD,PAYONEER,PAYONEER,0110
7388448091,SUCCEEDED,Funds sent,2026-03-12T23:23:05.000Z,2026-03-12T23:38:04.139Z,1,"Payout takes 0 to 30 minutes, to arrive depending on your bank",325.58,USD,PAYONEER,PAYONEER,0110
7386462331,SUCCEEDED,Funds sent,2026-03-11T23:31:29.000Z,2026-03-12T00:06:52.265Z,4,"Payout takes 0 to 30 minutes, to arrive depending on your bank",40.45,USD,PAYONEER,PAYONEER,0110
7371076699,SUCCEEDED,Funds sent,2026-03-02T23:28:04.000Z,2026-03-02T23:33:34.388Z,3,"Payout takes 0 to 30 minutes, to arrive depending on your bank",0.01,USD,PAYONEER,PAYONEER,0110
7367565547,SUCCEEDED,Funds sent,2026-02-28T23:27:38.000Z,2026-02-28T23:39:53.206Z,1,"Payout takes 0 to 30 minutes, to arrive depending on your bank",138.01,USD,PAYONEER,PAYONEER,0110
7365977707,SUCCEEDED,Funds sent,2026-02-27T23:16:58.000Z,2026-02-27T23:34:46.462Z,2,"Payout takes 0 to 30 minutes, to arrive depending on your bank",73.11,USD,PAYONEER,PAYONEER,0110
7324454491,SUCCEEDED,Funds sent,2026-02-04T23:30:01.000Z,2026-02-04T23:41:33.951Z,3,"Payout takes 0 to 30 minutes, to arrive depending on your bank",125.06,USD,PAYONEER,PAYONEER,0110
7322898931,SUCCEEDED,Funds sent,2026-02-03T23:27:28.000Z,2026-02-03T23:54:28.956Z,1,"Payout takes 0 to 30 minutes, to arrive depending on your bank",116.42,USD,PAYONEER,PAYONEER,0110
7320336499,SUCCEEDED,Funds sent,2026-02-02T23:20:24.000Z,2026-02-02T23:29:24.480Z,5,"Payout takes 0 to 30 minutes, to arrive depending on your bank",3.14,USD,PAYONEER,PAYONEER,0110
7301847451,SUCCEEDED,Funds sent,2026-01-22T23:31:16.000Z,2026-01-22T23:42:03.722Z,2,"Payout takes 0 to 30 minutes, to arrive depending on your bank",196.15,USD,PAYONEER,PAYONEER,0110
7299591595,SUCCEEDED,Funds sent,2026-01-21T23:32:20.000Z,2026-01-21T23:47:48.897Z,2,"Payout takes 0 to 30 minutes, to arrive depending on your bank",176.28,USD,PAYONEER,PAYONEER,0110
7298081587,SUCCEEDED,Funds sent,2026-01-20T23:36:24.000Z,2026-01-20T23:50:46.970Z,3,"Payout takes 0 to 30 minutes, to arrive depending on your bank",87.57,USD,PAYONEER,PAYONEER,0110
7286217979,SUCCEEDED,Funds sent,2026-01-13T23:33:25.000Z,2026-01-14T00:01:52.526Z,2,"Payout takes 0 to 30 minutes, to arrive depending on your bank",117.06,USD,PAYONEER,PAYONEER,0110
7280898979,SUCCEEDED,Funds sent,2026-01-10T23:16:56.000Z,2026-01-10T23:36:53.691Z,3,"Payout takes 0 to 30 minutes, to arrive depending on your bank",213.65,USD,PAYONEER,PAYONEER,0110
7279427995,SUCCEEDED,Funds sent,2026-01-09T23:19:10.000Z,2026-01-09T23:34:36.725Z,3,"Payout takes 0 to 30 minutes, to arrive depending on your bank",114.07,USD,PAYONEER,PAYONEER,0110
7265627923,SUCCEEDED,Funds sent,2026-01-03T00:03:37.000Z,2026-01-03T00:05:43.696Z,3,"Payout takes 0 to 30 minutes, to arrive depending on your bank",0.01,USD,PAYONEER,PAYONEER,0110
7261404379,SUCCEEDED,Funds sent,2025-12-30T23:30:37.000Z,2025-12-30T23:53:27.359Z,1,"Payout takes 0 to 30 minutes, to arrive depending on your bank",177.73,USD,PAYONEER,PAYONEER,0110
7259504371,SUCCEEDED,Funds sent,2025-12-29T23:33:50.000Z,2025-12-29T23:43:43.670Z,4,"Payout takes 0 to 30 minutes, to arrive depending on your bank",83.03,USD,PAYONEER,PAYONEER,0110
7251235363,SUCCEEDED,Funds sent,2025-12-24T23:15:26.000Z,2025-12-24T23:30:56.173Z,3,"Payout takes 0 to 30 minutes, to arrive depending on your bank",69.22,USD,PAYONEER,PAYONEER,0110
7242183763,SUCCEEDED,Funds sent,2025-12-19T23:18:42.000Z,2025-12-19T23:36:21.098Z,3,"Payout takes 0 to 30 minutes, to arrive depending on your bank",5.48,USD,PAYONEER,PAYONEER,0110
7240763107,SUCCEEDED,Funds sent,2025-12-18T23:30:31.000Z,2025-12-18T23:41:51.198Z,1,"Payout takes 0 to 30 minutes, to arrive depending on your bank",75.55,USD,PAYONEER,PAYONEER,0110
7239161083,SUCCEEDED,Funds sent,2025-12-17T23:24:58.000Z,2025-12-17T23:34:16.658Z,1,"Payout takes 0 to 30 minutes, to arrive depending on your bank",88.48,USD,PAYONEER,PAYONEER,0110
7235721091,SUCCEEDED,Funds sent,2025-12-15T23:26:31.000Z,2025-12-15T23:37:22.580Z,1,"Payout takes 0 to 30 minutes, to arrive depending on your bank",75.5,USD,PAYONEER,PAYONEER,0110
7232194147,SUCCEEDED,Funds sent,2025-12-13T23:25:36.000Z,2025-12-13T23:39:15.168Z,3,"Payout takes 0 to 30 minutes, to arrive depending on your bank",108.04,USD,PAYONEER,PAYONEER,0110
7225870843,SUCCEEDED,Funds sent,2025-12-09T23:27:23.000Z,2025-12-10T00:25:08.234Z,8,"Payout takes 0 to 30 minutes, to arrive depending on your bank",66.15,USD,PAYONEER,PAYONEER,0110
7215507355,SUCCEEDED,Funds sent,2025-12-03T23:30:40.000Z,2025-12-04T00:13:08.028Z,20,"Payout takes 0 to 30 minutes, to arrive depending on your bank",12.03,USD,PAYONEER,PAYONEER,0110
7090786219,SUCCEEDED,Funds sent,2025-09-18T23:18:26.000Z,2025-09-19T01:28:07.061Z,2,"Payout takes 0 to 30 minutes, to arrive depending on your bank",46.3,USD,PAYONEER,PAYONEER,0110
7066990243,SUCCEEDED,Funds sent,2025-09-04T23:17:14.000Z,2025-09-04T23:36:36.930Z,6,"Payout takes 0 to 30 minutes, to arrive depending on your bank",23.42,USD,PAYONEER,PAYONEER,0110
7057134115,SUCCEEDED,Funds sent,2025-08-28T23:29:00.000Z,2025-08-28T23:43:51.644Z,1,"Payout takes 0 to 30 minutes, to arrive depending on your bank",225.1,USD,PAYONEER,PAYONEER,0110
7055730571,SUCCEEDED,Funds sent,2025-08-27T23:21:33.000Z,2025-08-27T23:39:07.565Z,1,"Payout takes 0 to 30 minutes, to arrive depending on your bank",196.55,USD,PAYONEER,PAYONEER,0110
7054198051,SUCCEEDED,Funds sent,2025-08-26T23:23:20.000Z,2025-08-26T23:56:12.674Z,3,"Payout takes 0 to 30 minutes, to arrive depending on your bank",229.23,USD,PAYONEER,PAYONEER,0110
7041694267,SUCCEEDED,Funds sent,2025-08-19T23:21:50.000Z,2025-08-19T23:52:25.030Z,1,"Payout takes 0 to 30 minutes, to arrive depending on your bank",111.39,USD,PAYONEER,PAYONEER,0110
7039947787,SUCCEEDED,Funds sent,2025-08-18T23:23:17.000Z,2025-08-18T23:39:42.652Z,1,"Payout takes 0 to 30 minutes, to arrive depending on your bank",95.94,USD,PAYONEER,PAYONEER,0110
7033605499,SUCCEEDED,Funds sent,2025-08-14T23:31:38.000Z,2025-08-14T23:46:27.231Z,1,"Payout takes 0 to 30 minutes, to arrive depending on your bank",88.51,USD,PAYONEER,PAYONEER,0110
7031936851,SUCCEEDED,Funds sent,2025-08-13T23:21:00.000Z,2025-08-13T23:40:39.225Z,3,"Payout takes 0 to 30 minutes, to arrive depending on your bank",197.22,USD,PAYONEER,PAYONEER,0110
7011500179,SUCCEEDED,Funds sent,2025-08-01T23:31:25.000Z,2025-08-01T23:42:29.236Z,4,"Payout takes 0 to 30 minutes, to arrive depending on your bank",155.29,USD,PAYONEER,PAYONEER,0110
7011060331,SUCCEEDED,Funds sent,2025-07-31T23:24:18.000Z,2025-07-31T23:48:50.968Z,5,"Payout takes 0 to 30 minutes, to arrive depending on your bank",142.37,USD,PAYONEER,PAYONEER,0110
7005832579,SUCCEEDED,Funds sent,2025-07-28T23:29:22.000Z,2025-07-28T23:49:47.758Z,3,"Payout takes 0 to 30 minutes, to arrive depending on your bank",94.72,USD,PAYONEER,PAYONEER,0110
6998782267,SUCCEEDED,Funds sent,2025-07-24T23:32:52.000Z,2025-07-24T23:49:42.088Z,2,"Payout takes 0 to 30 minutes, to arrive depending on your bank",260.45,USD,PAYONEER,PAYONEER,0110
6996430579,SUCCEEDED,Funds sent,2025-07-23T23:24:15.000Z,2025-07-23T23:45:00.017Z,1,"Payout takes 0 to 30 minutes, to arrive depending on your bank",169.5,USD,PAYONEER,PAYONEER,0110
6990484843,SUCCEEDED,Funds sent,2025-07-19T23:18:09.000Z,2025-07-19T23:38:22.178Z,1,"Payout takes 0 to 30 minutes, to arrive depending on your bank",223.98,USD,PAYONEER,PAYONEER,0110
6989099275,SUCCEEDED,Funds sent,2025-07-18T23:32:22.000Z,2025-07-18T23:44:57.415Z,1,"Payout takes 0 to 30 minutes, to arrive depending on your bank",86.74,USD,PAYONEER,PAYONEER,0110
6985208995,SUCCEEDED,Funds sent,2025-07-16T23:21:18.000Z,2025-07-16T23:43:13.752Z,3,"Payout takes 0 to 30 minutes, to arrive depending on your bank",215.3,USD,PAYONEER,PAYONEER,0110
6982102675,SUCCEEDED,Funds sent,2025-07-14T23:26:41.000Z,2025-07-14T23:44:04.857Z,5,"Payout takes 0 to 30 minutes, to arrive depending on your bank",64.54,USD,PAYONEER,PAYONEER,0110
6958465339,SUCCEEDED,Funds sent,2025-06-30T23:21:51.000Z,2025-06-30T23:39:31.896Z,1,"Payout takes 0 to 30 minutes, to arrive depending on your bank",96.78,USD,PAYONEER,PAYONEER,0110
6946924051,SUCCEEDED,Funds sent,2025-06-23T23:27:32.000Z,2025-06-23T23:43:56.582Z,4,"Payout takes 0 to 30 minutes, to arrive depending on your bank",119.61,USD,PAYONEER,PAYONEER,0110
6938198347,SUCCEEDED,Funds sent,2025-06-17T23:30:35.000Z,2025-06-18T00:20:50.382Z,3,"Payout takes 0 to 30 minutes, to arrive depending on your bank",182.9,USD,PAYONEER,PAYONEER,0110
6932083459,SUCCEEDED,Funds sent,2025-06-13T23:21:21.000Z,2025-06-13T23:44:13.981Z,12,"Payout takes 0 to 30 minutes, to arrive depending on your bank",543.69,USD,PAYONEER,PAYONEER,0110
6915069067,SUCCEEDED,Funds sent,2025-06-02T23:27:09.000Z,2025-06-02T23:36:20.108Z,6,"Payout takes 0 to 30 minutes, to arrive depending on your bank",281.15,USD,PAYONEER,PAYONEER,0110
6899240227,SUCCEEDED,Funds sent,2025-05-22T23:18:33.000Z,2025-05-22T23:32:22.977Z,3,"Payout takes 0 to 30 minutes, to arrive depending on your bank",181.33,USD,PAYONEER,PAYONEER,0110
6887673691,SUCCEEDED,Funds sent,2025-05-14T23:23:48.000Z,2025-05-14T23:37:53.928Z,1,"Payout takes 0 to 30 minutes, to arrive depending on your bank",194.01,USD,PAYONEER,PAYONEER,0110
6884606803,SUCCEEDED,Funds sent,2025-05-12T23:21:15.000Z,2025-05-12T23:33:57.372Z,9,"Payout takes 0 to 30 minutes, to arrive depending on your bank",306.02,USD,PAYONEER,PAYONEER,0110
6865898083,SUCCEEDED,Funds sent,2025-04-29T23:28:20.000Z,2025-04-29T23:50:48.728Z,5,"Payout takes 0 to 30 minutes, to arrive depending on your bank",171.87,USD,PAYONEER,PAYONEER,0110
6850959643,SUCCEEDED,Funds sent,2025-04-19T23:22:47.000Z,2025-04-20T00:07:32.011Z,1,"Payout takes 0 to 30 minutes, to arrive depending on your bank",288.05,USD,PAYONEER,PAYONEER,0110
