Payout Date (出金日),Payout ID (出金ID),Amount (出金額 USD),Status (ステータス),Bank Reference (銀行振込参照番号)
2026-04-05T23:24:18.000Z,7427447920,347.44,SUCCEEDED,
2026-04-03T23:25:15.000Z,7424207128,98.88,SUCCEEDED,
2026-04-02T23:20:37.000Z,7422606904,204.98,SUCCEEDED,
2026-04-01T23:21:24.000Z,7421083336,153.8,SUCCEEDED,
2026-03-30T23:16:33.000Z,7417142248,99.97,SUCCEEDED,
2026-03-29T23:20:41.000Z,7415290768,108.35,SUCCEEDED,
2026-03-23T23:24:38.000Z,7404236248,108.25,SUCCEEDED,
2026-03-15T23:30:33.000Z,7390115920,260.95,SUCCEEDED,
2026-03-09T23:20:52.000Z,7379221480,149.22,SUCCEEDED,
2026-03-01T23:20:31.000Z,7365490192,0.01,SUCCEEDED,
2026-02-19T23:22:32.000Z,7347859768,140.78,SUCCEEDED,
2026-02-18T23:18:13.000Z,7346200840,122.56,SUCCEEDED,
2026-02-12T23:27:49.000Z,7335275008,118.29,SUCCEEDED,
2026-01-25T00:55:45.000Z,7300926136,85.42,SUCCEEDED,
2026-01-21T23:35:42.000Z,7295534032,74.15,SUCCEEDED,
2026-01-06T23:35:47.000Z,7269221896,324.2,SUCCEEDED,
2025-12-20T23:25:14.000Z,7239361312,73.83,SUCCEEDED,
2025-12-17T23:37:30.000Z,7234741432,87.39,SUCCEEDED,
2025-12-12T23:26:39.000Z,7226242600,82.83,SUCCEEDED,
2025-12-01T23:24:07.000Z,7207303144,43.21,SUCCEEDED,
2025-11-29T23:19:31.000Z,7203931624,109.11,SUCCEEDED,
2025-09-02T23:25:50.000Z,7060110664,0.02,SUCCEEDED,
2025-08-24T23:22:35.000Z,7045342984,156.33,SUCCEEDED,
2025-08-22T23:31:21.000Z,7042324816,195.71,SUCCEEDED,
2025-08-20T23:33:15.000Z,7038721408,90.92,SUCCEEDED,
2025-08-14T23:19:32.000Z,7027929736,431.05,SUCCEEDED,
2025-08-13T23:34:47.000Z,7026386464,278.63,SUCCEEDED,
2025-08-12T23:25:13.000Z,7024457704,87.36,SUCCEEDED,
2025-08-11T23:20:50.000Z,7022310040,90.32,SUCCEEDED,
2025-08-09T23:19:18.000Z,7019238664,223.37,SUCCEEDED,
2025-08-08T23:34:57.000Z,7017650560,240.25,SUCCEEDED,
2025-08-07T23:32:26.000Z,7016337856,249.92,SUCCEEDED,
2025-08-06T23:19:16.000Z,7014982840,298.18,SUCCEEDED,
2025-08-03T23:24:48.000Z,7009533808,104.74,SUCCEEDED,
2025-07-31T23:25:06.000Z,7005154960,89.18,SUCCEEDED,
2025-07-29T23:22:35.000Z,7002066880,92.43,SUCCEEDED,
2025-07-28T23:20:15.000Z,7000014328,119.97,SUCCEEDED,
